"Team_Index","Player","FirstName","LastName","Age","TotalGamesPlayed","TotalGamesStarted","TotalMinutesPlayed","TotalFieldGoalsPerGame","TotalFieldGoalAttempts","TotalFieldGoals","TotalThreePointFieldGoalsPerGame","TotalThreePointFieldGoalAttempts","TotalThreePointFieldGoalPercent","TotalTwoPointFieldGoalsPerGame","TotalTwoPointFieldGoalAttempts","TotalTwoPointFieldGoalPercent","TotalEffectiveFieldGoalPercent","TotalFreeThrows","TotalFreeThrowAttempts","TotalFreeThrowPercent","TotalOffensiveRebounds","TotalDefensiveRebounds","TotalRebounds","TotalAssists","TotalSteals","TotalBlocks","TotalTurnovers","TotalPersonalFouls","TotalPoints","Team","Position","Player_ID"
1,"dejounte murray","dejounte","murray",27,78,78,2783,672,1463,0.459,201,554,0.363,471,909,0.518,0.528,208,262,0.794,62,354,416,502,111,24,201,138,1753,"ATL","sg",1006
1,"bogdan bogdanović","bogdan","bogdanović",31,79,33,2401,471,1100,0.428,240,641,0.374,231,459,0.503,0.537,151,164,0.921,53,219,272,247,96,26,112,179,1333,"ATL","sg",1004
1,"saddiq bey","saddiq","bey",24,63,51,2062,290,697,0.416,113,358,0.316,177,339,0.522,0.497,170,203,0.837,167,244,411,92,51,11,54,88,863,"ATL","sf",1009
1,"trae young","trae","young",25,54,54,1942,433,1008,0.43,175,469,0.373,258,539,0.479,0.516,348,407,0.855,23,126,149,583,72,11,235,109,1389,"ATL","pg",1013
1,"jalen johnson","jalen","johnson",22,56,52,1889,359,702,0.511,71,200,0.355,288,502,0.574,0.562,107,147,0.728,74,414,488,203,67,47,101,133,896,"ATL","sf",1007
1,"clint capela","clint","capela",29,73,73,1883,353,618,0.571,0,1,0,353,617,0.572,0.571,130,206,0.631,335,441,776,91,43,106,74,164,836,"ATL","c",1002
1,"de'andre hunter","de'andre","hunter",26,57,37,1681,304,663,0.459,117,304,0.385,187,359,0.521,0.547,166,196,0.847,31,191,222,87,40,16,83,146,891,"ATL","sf",1010
1,"onyeka okongwu","onyeka","okongwu",23,55,8,1405,223,365,0.611,23,69,0.333,200,296,0.676,0.642,92,116,0.793,145,231,376,74,26,60,45,162,561,"ATL","c",1012
1,"garrison mathews","garrison","mathews",27,66,5,992,103,226,0.456,85,193,0.44,18,33,0.545,0.644,34,42,0.81,17,75,92,37,20,8,19,115,325,"ATL","sg",1008
1,"bruno fernando","bruno","fernando",25,45,2,682,109,187,0.583,0,4,0,109,183,0.596,0.583,64,96,0.667,59,134,193,46,25,28,44,107,282,"ATL","c",1001
1,"vit krejci","vit","krejci",23,22,14,541,51,104,0.49,28,68,0.412,23,36,0.639,0.625,5,6,0.833,11,41,52,50,13,6,20,48,135,"ATL","pg",1003
1,"trent forrest","trent","forrest",25,38,0,414,34,90,0.378,2,10,0.2,32,80,0.4,0.389,13,17,0.765,11,40,51,92,11,3,20,25,83,"ATL","sg",1011
1,"wesley matthews","wesley","matthews",37,36,3,413,34,97,0.351,24,69,0.348,10,28,0.357,0.474,18,24,0.75,9,44,53,23,16,11,8,43,110,"ATL","sg",1016
1,"kobe bufkin","kobe","bufkin",20,17,0,196,34,92,0.37,9,40,0.225,25,52,0.481,0.418,4,8,0.5,6,27,33,27,7,5,10,20,81,"ATL","sg",1015
1,"aj griffin","aj","griffin",20,20,0,171,18,62,0.29,10,39,0.256,8,23,0.348,0.371,2,2,1,2,16,18,5,1,2,8,6,48,"ATL","sf",1014
1,"mouhamed gueye","mouhamed","gueye",21,6,0,73,8,23,0.348,3,9,0.333,5,14,0.357,0.413,5,6,0.833,10,12,22,4,5,4,1,13,24,"ATL","pf",1005
1,"seth lundy","seth","lundy",23,9,0,52,4,17,0.235,3,13,0.231,1,4,0.25,0.324,3,4,0.75,1,6,7,0,0,0,1,6,14,"ATL","sf",1018
2,"jayson tatum","jayson","tatum",25,74,74,2645,672,1426,0.471,229,609,0.376,443,817,0.542,0.552,414,497,0.833,67,534,601,364,75,43,188,145,1987,"BOS","pf",2008
2,"derrick white","derrick","white",29,73,73,2381,387,839,0.461,196,495,0.396,191,344,0.555,0.578,137,152,0.901,51,259,310,377,74,87,112,152,1107,"BOS","sg",2009
2,"jaylen brown","jaylen","brown",27,70,70,2343,627,1256,0.499,145,410,0.354,482,846,0.57,0.557,211,300,0.703,84,303,387,249,83,37,166,185,1610,"BOS","sf",2010
2,"jrue holiday","jrue","holiday",33,69,69,2263,331,689,0.48,138,322,0.429,193,367,0.526,0.581,60,72,0.833,84,289,373,333,61,53,124,108,860,"BOS","pg",2011
2,"payton pritchard","payton","pritchard",26,82,5,1825,297,635,0.468,147,382,0.385,150,253,0.593,0.583,46,56,0.821,70,195,265,281,39,6,61,106,787,"BOS","pg",2006
2,"sam hauser","sam","hauser",26,79,13,1741,249,558,0.446,197,465,0.424,52,93,0.559,0.623,17,19,0.895,45,231,276,82,40,25,32,99,712,"BOS","sf",2007
2,"al horford","al","horford",37,65,33,1740,214,419,0.511,108,258,0.419,106,161,0.658,0.64,26,30,0.867,82,331,413,168,38,62,48,93,562,"BOS","c",2002
2,"kristaps porziņģis","kristaps","porziņģis",28,57,57,1690,388,752,0.516,110,293,0.375,278,459,0.606,0.589,259,302,0.858,97,312,409,115,42,111,89,156,1145,"BOS","c",2003
2,"luke kornet","luke","kornet",28,63,7,983,142,203,0.7,1,1,1,141,202,0.698,0.702,49,54,0.907,118,143,261,67,23,61,21,77,334,"BOS","c",2013
2,"oshae brissett","oshae","brissett",25,55,1,630,68,153,0.444,15,55,0.273,53,98,0.541,0.493,50,83,0.602,61,99,160,44,19,8,20,54,201,"BOS","sf",2001
2,"svi mykhailiuk","svi","mykhailiuk",26,41,2,413,57,137,0.416,42,108,0.389,15,29,0.517,0.569,6,9,0.667,11,40,51,35,11,1,12,19,162,"BOS","sf",2005
2,"neemias queta","neemias","queta",24,28,0,333,67,104,0.644,0,0,0,67,104,0.644,0.644,20,28,0.714,53,69,122,20,13,21,13,50,154,"BOS","c",2004
2,"jordan walsh","jordan","walsh",19,9,1,83,6,15,0.4,2,9,0.222,4,6,0.667,0.467,1,2,0.5,5,15,20,5,5,1,3,11,15,"BOS","sf",2012
2,"jd davison","jd","davison",21,8,0,39,5,12,0.417,3,7,0.429,2,5,0.4,0.542,3,4,0.75,2,8,10,10,1,1,2,4,16,"BOS","sg",2016
2,"drew peterson","drew","peterson",24,3,0,23,4,6,0.667,3,5,0.6,1,1,1,0.917,0,0,0,0,1,1,1,2,0,1,1,11,"BOS","pf",2017
3,"mikal bridges","mikal","bridges",27,82,82,2854,564,1294,0.436,220,592,0.372,344,702,0.49,0.521,258,317,0.814,68,304,372,299,81,30,164,116,1606,"BRK","sf",3004
3,"nic claxton","nic","claxton",24,71,71,2116,366,582,0.629,1,5,0.2,365,577,0.633,0.63,108,196,0.551,193,513,706,147,46,146,93,175,841,"BRK","c",3005
3,"cam thomas","cam","thomas",22,66,51,2075,526,1190,0.442,144,396,0.364,382,794,0.481,0.503,286,334,0.856,28,186,214,192,45,16,124,138,1482,"BRK","sg",3003
3,"dorian finney-smith","dorian","finney-smith",30,68,56,1934,215,511,0.421,117,336,0.348,98,175,0.56,0.535,33,46,0.717,109,208,317,107,56,38,59,150,580,"BRK","pf",3006
3,"cameron johnson","cameron","johnson",27,58,47,1599,276,619,0.446,138,353,0.391,138,266,0.519,0.557,86,109,0.789,55,196,251,138,49,15,57,105,776,"BRK","pf",3010
3,"dennis smith jr.","dennis","smith",26,56,2,1059,147,338,0.435,32,109,0.294,115,229,0.502,0.482,43,58,0.741,50,114,164,203,68,12,68,121,369,"BRK","pg",3012
3,"lonnie walker iv","lonnie","walker",25,58,0,1011,208,492,0.423,104,271,0.384,104,221,0.471,0.528,45,59,0.763,13,114,127,74,32,20,51,71,565,"BRK","sg",3007
3,"day'ron sharpe","day'ron","sharpe",22,61,1,921,168,294,0.571,4,15,0.267,164,279,0.588,0.578,75,123,0.61,161,228,389,85,24,44,70,131,415,"BRK","c",3009
3,"trendon watford","trendon","watford",23,63,2,856,164,311,0.527,27,68,0.397,137,243,0.564,0.571,77,97,0.794,52,142,194,81,23,19,63,106,432,"BRK","pf",3008
3,"jalen wilson","jalen","wilson",23,43,3,664,76,179,0.425,24,74,0.324,52,105,0.495,0.492,38,46,0.826,47,84,131,45,11,4,19,48,214,"BRK","pf",3013
3,"noah clowney","noah","clowney",19,23,4,370,50,93,0.538,12,33,0.364,38,60,0.633,0.602,21,30,0.7,26,55,81,18,8,16,15,25,133,"BRK","pf",3011
3,"ben simmons","ben","simmons",27,15,12,359,43,74,0.581,0,0,0,43,74,0.581,0.581,6,15,0.4,31,88,119,86,12,9,27,36,92,"BRK","pg",3001
3,"armoni brooks","armoni","brooks",25,10,0,104,15,46,0.326,11,32,0.344,4,14,0.286,0.446,1,2,0.5,7,11,18,5,1,1,3,3,42,"BRK","sg",3021
3,"keon johnson","keon","johnson",21,5,0,61,8,21,0.381,4,10,0.4,4,11,0.364,0.476,11,12,0.917,3,4,7,3,3,1,5,5,31,"BRK","sg",3014
3,"dariq whitehead","dariq","whitehead",19,2,0,24,1,5,0.2,0,3,0,1,2,0.5,0.2,1,2,0.5,0,4,4,3,0,1,0,0,3,"BRK","sf",3016
4,"miles bridges","miles","bridges",25,69,67,2581,559,1210,0.462,157,450,0.349,402,760,0.529,0.527,174,211,0.825,71,434,505,231,65,33,138,118,1449,"CHA","sf",4006
4,"brandon miller","brandon","miller",21,74,68,2383,476,1083,0.44,184,493,0.373,292,590,0.495,0.524,143,173,0.827,60,255,315,175,66,42,132,184,1279,"CHA","sf",4005
4,"nick richards","nick","richards",26,67,51,1759,260,376,0.691,0,1,0,260,375,0.693,0.691,132,179,0.737,172,367,539,54,26,74,73,176,652,"CHA","c",4001
4,"bryce mcgowens","bryce","mcgowens",21,59,14,882,101,230,0.439,34,102,0.333,67,128,0.523,0.513,66,85,0.776,17,85,102,51,21,10,30,74,302,"CHA","sg",4009
4,"jt thor","jt","thor",21,63,3,781,80,183,0.437,28,81,0.346,52,102,0.51,0.514,11,20,0.55,43,103,146,29,11,27,15,60,199,"CHA","pf",4008
4,"cody martin","cody","martin",28,28,22,753,82,215,0.381,27,86,0.314,55,129,0.426,0.444,20,33,0.606,19,90,109,104,32,18,44,48,211,"CHA","sf",4007
4,"ish smith","ish","smith",35,43,5,741,66,158,0.418,4,8,0.5,62,150,0.413,0.43,3,4,0.75,11,65,76,145,17,4,47,49,139,"CHA","pg",4024
4,"nick smith jr.","nick","smith",19,51,0,729,113,289,0.391,63,146,0.432,50,143,0.35,0.5,13,15,0.867,18,54,72,59,10,7,39,55,302,"CHA","sg",4010
4,"lamelo ball","lamelo","ball",22,22,22,711,183,423,0.433,70,197,0.355,113,226,0.5,0.515,90,104,0.865,29,84,113,176,40,4,83,79,526,"CHA","pg",4015
4,"mark williams","mark","williams",22,19,19,508,98,151,0.649,0,0,0,98,151,0.649,0.649,46,64,0.719,76,108,184,22,16,20,17,50,242,"CHA","c",4013
4,"nathan mensah","nathan","mensah",25,25,0,307,12,28,0.429,0,0,0,12,28,0.429,0.429,9,12,0.75,29,36,65,9,6,14,14,64,33,"CHA","c",4023
4,"leaky black","leaky","black",24,26,3,284,25,52,0.481,9,20,0.45,16,32,0.5,0.567,10,15,0.667,9,39,48,24,8,11,6,19,69,"CHA","sf",4014
4,"james bouknight","james","bouknight",23,14,0,81,18,41,0.439,13,30,0.433,5,11,0.455,0.598,1,2,0.5,1,8,9,6,1,1,2,3,50,"CHA","sg",4022
4,"amari bailey","amari","bailey",19,10,0,65,8,24,0.333,1,8,0.125,7,16,0.438,0.354,6,7,0.857,6,3,9,7,3,0,4,2,23,"CHA","pg",4017
4,"frank ntilikina","frank","ntilikina",25,5,0,43,1,9,0.111,1,8,0.125,0,1,0,0.167,2,2,1,1,5,6,4,0,0,1,4,5,"CHA","sg",4021
5,"demar derozan","demar","derozan",34,79,79,2989,650,1355,0.48,75,225,0.333,575,1130,0.509,0.507,522,612,0.853,43,297,340,421,90,45,135,161,1897,"CHI","sf",5005
5,"coby white","coby","white",23,79,78,2881,541,1209,0.447,209,556,0.376,332,653,0.508,0.534,218,260,0.838,44,314,358,405,53,18,166,186,1509,"CHI","pg",5006
5,"nikola vučević","nikola","vučević",33,76,74,2610,586,1211,0.484,92,313,0.294,494,898,0.55,0.522,106,129,0.822,210,591,801,254,50,60,120,190,1370,"CHI","c",5001
5,"ayo dosunmu","ayo","dosunmu",24,76,37,2212,360,719,0.501,119,295,0.403,241,424,0.568,0.583,85,105,0.81,54,162,216,242,68,36,103,166,924,"CHI","sg",5009
5,"alex caruso","alex","caruso",29,71,57,2040,253,541,0.468,136,333,0.408,117,208,0.563,0.593,73,96,0.76,62,211,273,247,120,70,102,181,715,"CHI","sg",5011
5,"andre drummond","andre","drummond",30,79,10,1351,267,480,0.556,0,3,0,267,477,0.56,0.556,129,218,0.592,265,443,708,37,73,48,81,140,663,"CHI","c",5007
5,"patrick williams","patrick","williams",22,43,30,1174,159,359,0.443,59,148,0.399,100,211,0.474,0.525,52,66,0.788,46,120,166,66,40,33,57,87,429,"CHI","pf",5014
5,"torrey craig","torrey","craig",33,53,14,1049,108,251,0.43,60,153,0.392,48,98,0.49,0.55,27,36,0.75,69,148,217,58,30,21,32,110,303,"CHI","sf",5013
5,"jevon carter","jevon","carter",28,72,0,1004,138,365,0.378,77,234,0.329,61,131,0.466,0.484,4,7,0.571,11,49,60,94,37,16,36,71,357,"CHI","pg",5010
5,"zach lavine","zach","lavine",28,25,23,872,170,376,0.452,59,169,0.349,111,207,0.536,0.531,88,103,0.854,8,121,129,98,21,8,52,57,487,"CHI","sg",5012
5,"dalen terry","dalen","terry",21,59,2,681,69,157,0.439,17,74,0.23,52,83,0.627,0.494,25,43,0.581,29,84,113,81,27,18,32,81,180,"CHI","sg",5008
5,"julian phillips","julian","phillips",20,40,0,323,32,77,0.416,12,38,0.316,20,39,0.513,0.494,13,19,0.684,12,24,36,13,7,7,10,40,89,"CHI","sf",5015
5,"onuralp bitim","onuralp","bitim",24,23,1,268,32,84,0.381,12,44,0.273,20,40,0.5,0.452,4,5,0.8,6,26,32,13,3,2,10,24,80,"CHI","sg",5004
5,"javonte green","javonte","green",30,9,5,230,45,75,0.6,10,27,0.37,35,48,0.729,0.667,10,13,0.769,20,47,67,5,10,8,7,19,110,"CHI","sf",5017
5,"terry taylor","terry","taylor",24,31,0,188,20,39,0.513,2,9,0.222,18,30,0.6,0.538,4,5,0.8,17,20,37,10,5,2,7,17,46,"CHI","pf",5021
5,"adama sanogo","adama","sanogo",21,9,0,66,14,27,0.519,0,0,0,14,27,0.519,0.519,8,12,0.667,19,17,36,0,1,0,5,5,36,"CHI","pf",5003
5,"henri drell","henri","drell",23,4,0,30,4,10,0.4,2,6,0.333,2,4,0.5,0.5,1,2,0.5,1,3,4,4,2,1,2,6,11,"CHI","sf",5002
5,"andrew funk","andrew","funk",24,5,0,13,0,4,0,0,3,0,0,1,0,0,0,0,0,0,0,0,0,1,1,0,0,0,"CHI","sg",5016
6,"jarrett allen","jarrett","allen",25,77,77,2442,519,819,0.634,0,6,0,519,813,0.638,0.634,233,314,0.742,243,568,811,210,53,81,121,147,1271,"CLE","c",6003
6,"max strus","max","strus",27,70,70,2239,304,728,0.418,168,479,0.351,136,249,0.546,0.533,77,97,0.794,66,272,338,283,64,29,112,170,853,"CLE","sf",6004
6,"caris levert","caris","levert",29,68,10,1958,345,820,0.421,108,332,0.325,237,488,0.486,0.487,154,201,0.766,39,241,280,346,76,34,117,121,952,"CLE","sg",6006
6,"donovan mitchell","donovan","mitchell",27,55,55,1942,503,1089,0.462,182,494,0.368,321,595,0.539,0.545,275,318,0.865,46,234,280,333,101,30,154,118,1463,"CLE","sg",6009
6,"darius garland","darius","garland",24,57,57,1901,375,841,0.446,132,356,0.371,243,485,0.501,0.524,146,175,0.834,30,122,152,373,74,7,176,95,1028,"CLE","pg",6008
6,"isaac okoro","isaac","okoro",23,69,42,1887,235,480,0.49,84,215,0.391,151,265,0.57,0.577,93,137,0.679,67,139,206,132,57,34,54,140,647,"CLE","sf",6005
6,"georges niang","georges","niang",30,82,10,1831,284,632,0.449,149,396,0.376,135,236,0.572,0.567,51,60,0.85,22,256,278,98,30,18,72,192,768,"CLE","pf",6002
6,"evan mobley","evan","mobley",22,50,50,1532,320,552,0.58,22,59,0.373,298,493,0.604,0.6,123,171,0.719,111,357,468,160,45,72,90,134,785,"CLE","pf",6012
6,"dean wade","dean","wade",27,54,32,1108,96,232,0.414,79,202,0.391,17,30,0.567,0.584,20,26,0.769,37,181,218,43,40,25,20,93,291,"CLE","pf",6010
6,"sam merrill","sam","merrill",27,61,1,1069,158,393,0.402,143,354,0.404,15,39,0.385,0.584,26,28,0.929,22,98,120,108,19,4,19,72,485,"CLE","sg",6007
6,"craig porter jr.","craig","porter",23,51,6,649,116,228,0.509,12,34,0.353,104,194,0.536,0.535,41,56,0.732,21,88,109,118,21,15,45,40,285,"CLE","pg",6011
6,"tristan thompson","tristan","thompson",32,49,0,549,73,120,0.608,0,1,0,73,119,0.613,0.608,15,52,0.288,73,101,174,51,12,14,29,59,161,"CLE","c",6001
6,"damian jones","damian","jones",28,39,0,270,43,72,0.597,3,14,0.214,40,58,0.69,0.618,18,21,0.857,20,42,62,15,7,13,13,27,107,"CLE","c",6014
6,"emoni bates","emoni","bates",20,15,0,133,15,49,0.306,10,33,0.303,5,16,0.313,0.408,1,4,0.25,1,13,14,10,1,2,8,5,41,"CLE","sf",6015
6,"isaiah mobley","isaiah","mobley",24,10,0,72,10,24,0.417,3,10,0.3,7,14,0.5,0.479,0,1,0,3,7,10,6,2,0,2,6,23,"CLE","pf",6013
6,"pete nance","pete","nance",23,8,0,27,1,6,0.167,1,1,1,0,5,0,0.25,0,2,0,0,3,3,0,1,0,1,2,3,"CLE","pf",6017
6,"ty jerome","ty","jerome",26,2,0,15,2,4,0.5,0,1,0,2,3,0.667,0.5,0,0,0,1,0,1,3,0,0,1,2,4,"CLE","sg",6018
7,"luka dončić","luka","dončić",24,70,70,2624,804,1652,0.487,284,744,0.382,520,908,0.573,0.573,478,608,0.786,59,588,647,686,99,38,282,149,2370,"DAL","pg",7008
7,"tim hardaway jr.","tim","hardaway",31,79,12,2120,392,976,0.402,211,597,0.353,181,379,0.478,0.51,144,169,0.852,22,232,254,139,42,6,69,106,1139,"DAL","sf",7009
7,"kyrie irving","kyrie","irving",31,58,58,2030,562,1131,0.497,173,421,0.411,389,710,0.548,0.573,190,210,0.905,44,246,290,299,74,28,106,112,1487,"DAL","sg",7001
7,"derrick jones jr.","derrick","jones",26,76,66,1783,239,495,0.483,82,239,0.343,157,256,0.613,0.566,97,136,0.713,82,168,250,75,53,51,65,121,657,"DAL","sf",7010
7,"josh green","josh","green",23,57,33,1505,179,374,0.479,72,187,0.385,107,187,0.572,0.575,39,57,0.684,40,144,184,130,47,9,60,107,469,"DAL","sg",7002
7,"dereck lively ii","dereck","lively",19,55,42,1294,221,296,0.747,0,2,0,221,294,0.752,0.747,41,81,0.506,135,243,378,60,36,77,50,144,483,"DAL","c",7012
7,"grant williams","grant","williams",25,47,33,1242,131,317,0.413,79,210,0.376,52,107,0.486,0.538,41,55,0.745,46,123,169,81,24,27,53,137,382,"DAL","pf",4011
7,"dante exum","dante","exum",28,55,17,1088,161,302,0.533,53,108,0.491,108,194,0.557,0.621,53,68,0.779,25,124,149,157,22,5,49,85,428,"DAL","pg",7003
7,"jaden hardy","jaden","hardy",21,73,7,989,195,479,0.407,81,224,0.362,114,255,0.447,0.492,59,76,0.776,20,111,131,109,22,4,62,80,530,"DAL","sg",7011
7,"p.j. washington","p.j.","washington",25,29,28,935,127,302,0.421,53,169,0.314,74,133,0.556,0.508,32,51,0.627,32,147,179,44,34,27,30,57,339,"DAL","pf",7013
7,"maxi kleber","maxi","kleber",32,43,7,871,63,146,0.432,32,92,0.348,31,54,0.574,0.541,33,47,0.702,30,113,143,68,17,30,28,79,191,"DAL","c",7007
7,"dwight powell","dwight","powell",32,63,9,836,72,106,0.679,1,3,0.333,71,103,0.689,0.684,63,89,0.708,97,117,214,84,26,20,32,113,208,"DAL","c",7005
7,"seth curry","seth","curry",33,36,3,457,54,145,0.372,29,80,0.363,25,65,0.385,0.472,17,19,0.895,15,37,52,30,17,3,16,32,154,"DAL","sg",4016
7,"olivier-maxence prosper","olivier-maxence","prosper",21,40,1,336,40,104,0.385,13,45,0.289,27,59,0.458,0.447,28,41,0.683,25,54,79,22,7,4,8,20,121,"DAL","pf",7006
7,"a.j. lawson","a.j.","lawson",23,42,0,311,54,121,0.446,13,50,0.26,41,71,0.577,0.5,15,23,0.652,14,36,50,20,10,3,14,22,136,"DAL","sg",7004
7,"markieff morris","markieff","morris",34,26,1,216,23,68,0.338,15,42,0.357,8,26,0.308,0.449,5,6,0.833,4,35,39,16,5,3,12,12,66,"DAL","pf",7015
7,"brandon williams","brandon","williams",24,17,0,113,20,54,0.37,3,15,0.2,17,39,0.436,0.398,11,17,0.647,4,9,13,17,1,1,7,4,54,"DAL","pg",7016
7,"greg brown iii","greg","brown",22,6,0,40,5,11,0.455,1,3,0.333,4,8,0.5,0.5,4,9,0.444,3,6,9,4,0,4,4,5,15,"DAL","pf",7017
7,"dexter dennis","dexter","dennis",24,4,0,30,10,19,0.526,1,8,0.125,9,11,0.818,0.553,1,3,0.333,1,8,9,4,0,1,3,1,22,"DAL","sg",7021
8,"nikola jokić","nikola","jokić",28,79,79,2737,822,1411,0.583,83,231,0.359,739,1180,0.626,0.612,358,438,0.817,223,753,976,708,108,68,237,194,2085,"DEN","c",8003
8,"michael porter jr.","michael","porter",25,81,81,2565,522,1079,0.484,220,554,0.397,302,525,0.575,0.586,92,110,0.836,106,459,565,122,42,53,92,148,1356,"DEN","sf",8006
8,"kentavious caldwell-pope","kentavious","caldwell-pope",30,76,76,2402,270,587,0.46,125,308,0.406,145,279,0.52,0.566,101,113,0.894,31,152,183,183,98,42,75,151,766,"DEN","sg",8009
8,"aaron gordon","aaron","gordon",28,73,73,2297,398,716,0.556,40,138,0.29,358,578,0.619,0.584,177,269,0.658,174,297,471,259,56,45,105,142,1013,"DEN","pf",8010
8,"jamal murray","jamal","murray",26,59,59,1861,474,986,0.481,145,341,0.425,329,645,0.51,0.554,157,184,0.853,42,200,242,384,57,39,125,104,1250,"DEN","pg",8001
8,"reggie jackson","reggie","jackson",33,82,23,1817,326,756,0.431,102,284,0.359,224,472,0.475,0.499,79,98,0.806,33,122,155,308,44,13,106,149,833,"DEN","pg",8002
8,"christian braun","christian","braun",22,82,4,1655,222,483,0.46,63,164,0.384,159,319,0.498,0.525,93,134,0.694,79,227,306,132,42,35,55,137,600,"DEN","sg",8005
8,"peyton watson","peyton","watson",21,80,4,1488,208,447,0.465,45,152,0.296,163,295,0.553,0.516,71,106,0.67,56,202,258,86,42,88,58,143,532,"DEN","sf",8007
8,"justin holiday","justin","holiday",34,58,9,862,88,194,0.454,55,136,0.404,33,58,0.569,0.595,3,4,0.75,9,62,71,67,36,9,14,69,234,"DEN","sg",8008
8,"zeke nnaji","zeke","nnaji",23,58,0,576,69,149,0.463,6,23,0.261,63,126,0.5,0.483,42,62,0.677,61,65,126,32,15,38,27,81,186,"DEN","pf",8013
8,"julian strawther","julian","strawther",21,50,0,545,82,222,0.369,41,138,0.297,41,84,0.488,0.462,22,31,0.71,5,56,61,47,17,7,23,54,227,"DEN","sf",8014
8,"deandre jordan","deandre","jordan",35,36,2,396,58,93,0.624,0,0,0,58,93,0.624,0.624,26,53,0.491,54,103,157,26,6,16,23,56,142,"DEN","c",8011
8,"collin gillespie","collin","gillespie",24,24,0,225,32,69,0.464,15,38,0.395,17,31,0.548,0.572,8,12,0.667,1,20,21,27,13,0,14,24,87,"DEN","pg",8017
8,"jalen pickett","jalen","pickett",24,27,0,122,15,35,0.429,9,25,0.36,6,10,0.6,0.557,3,4,0.75,1,13,14,21,4,0,9,13,42,"DEN","sg",8012
8,"braxton key","braxton","key",26,20,0,60,7,17,0.412,2,5,0.4,5,12,0.417,0.471,6,8,0.75,3,15,18,9,2,1,1,5,22,"DEN","sf",8015
8,"jay huff","jay","huff",25,20,0,49,9,15,0.6,3,9,0.333,6,6,1,0.7,2,2,1,2,9,11,2,2,3,1,9,23,"DEN","c",8018
8,"hunter tyson","hunter","tyson",23,18,0,48,8,20,0.4,4,14,0.286,4,6,0.667,0.5,0,0,0,1,8,9,2,1,0,2,10,20,"DEN","pf",8016
9,"jaden ivey","jaden","ivey",21,77,61,2217,417,973,0.429,124,369,0.336,293,604,0.485,0.492,227,303,0.749,86,178,264,296,57,41,190,204,1185,"DET","sg",9003
9,"cade cunningham","cade","cunningham",22,62,62,2074,524,1167,0.449,119,335,0.355,405,832,0.487,0.5,238,274,0.869,33,235,268,464,56,22,212,153,1405,"DET","pg",9006
9,"jalen duren","jalen","duren",20,61,60,1777,349,564,0.619,0,4,0,349,560,0.623,0.619,143,181,0.79,192,517,709,147,33,47,129,192,841,"DET","c",9007
9,"ausar thompson","ausar","thompson",21,63,38,1583,232,480,0.483,21,113,0.186,211,367,0.575,0.505,71,119,0.597,129,273,402,120,68,59,84,175,556,"DET","sf",9008
9,"isaiah stewart","isaiah","stewart",22,46,45,1423,186,382,0.487,67,175,0.383,119,207,0.575,0.575,64,85,0.753,74,231,305,73,17,38,66,99,503,"DET","pf",9012
9,"marcus sasser","marcus","sasser",23,71,11,1351,219,512,0.428,90,240,0.375,129,272,0.474,0.516,58,66,0.879,11,114,125,236,44,12,90,103,586,"DET","pg",9004
9,"james wiseman","james","wiseman",22,63,6,1091,187,305,0.613,0,2,0,187,303,0.617,0.613,72,102,0.706,110,226,336,54,12,39,66,141,446,"DET","c",9005
9,"killian hayes","killian","hayes",22,42,31,1008,117,283,0.413,22,74,0.297,95,209,0.455,0.452,33,50,0.66,11,108,119,205,36,20,51,75,289,"DET","pg",9021
9,"kevin knox","kevin","knox",24,31,11,560,86,186,0.462,31,94,0.33,55,92,0.598,0.546,20,22,0.909,18,57,75,23,13,7,22,50,223,"DET","pf",9022
9,"isaiah livers","isaiah","livers",25,23,6,469,40,116,0.345,22,77,0.286,18,39,0.462,0.44,12,18,0.667,15,33,48,25,13,5,16,43,114,"DET","sf",9023
9,"stanley umude","stanley","umude",24,24,2,307,37,84,0.44,24,53,0.453,13,31,0.419,0.583,29,32,0.906,8,43,51,11,8,7,14,40,127,"DET","sg",9011
9,"jared rhoden","jared","rhoden",24,17,0,245,33,66,0.5,12,31,0.387,21,35,0.6,0.591,5,8,0.625,3,30,33,14,3,13,7,28,83,"DET","sg",9009
9,"joe harris","joe","harris",32,16,0,170,14,39,0.359,10,30,0.333,4,9,0.444,0.487,1,2,0.5,3,10,13,10,3,2,4,19,39,"DET","sg",9024
9,"buddy boeheim","buddy","boeheim",24,10,0,84,9,29,0.31,8,25,0.32,1,4,0.25,0.448,8,10,0.8,3,7,10,3,0,1,0,5,34,"DET","sf",9013
9,"malcolm cazalon","malcolm","cazalon",22,1,0,3,0,0,0,0,0,0,0,0,0,0,0,0,0,0,0,0,0,0,0,0,0,0,"DET","sg",9025
10,"stephen curry","stephen","curry",35,74,74,2421,650,1445,0.45,357,876,0.408,293,569,0.515,0.573,299,324,0.923,37,293,330,379,54,28,210,117,1956,"GSW","pg",10007
10,"klay thompson","klay","thompson",33,77,63,2284,490,1133,0.432,268,692,0.387,222,441,0.503,0.551,127,137,0.927,35,219,254,176,50,35,117,127,1375,"GSW","sf",10006
10,"brandin podziemski","brandin","podziemski",20,74,28,1968,271,597,0.454,90,234,0.385,181,363,0.499,0.529,50,79,0.633,118,309,427,273,61,14,88,122,682,"GSW","sg",10009
10,"jonathan kuminga","jonathan","kuminga",21,74,46,1949,456,862,0.529,53,165,0.321,403,697,0.578,0.56,223,299,0.746,92,263,355,163,55,36,122,169,1188,"GSW","pf",10003
10,"andrew wiggins","andrew","wiggins",28,71,59,1920,353,780,0.453,91,254,0.358,262,526,0.498,0.511,142,189,0.751,108,213,321,119,42,41,87,147,939,"GSW","sf",10002
10,"chris paul","chris","paul",38,58,18,1531,206,467,0.441,78,210,0.371,128,257,0.498,0.525,43,52,0.827,18,207,225,393,70,6,76,108,533,"GSW","pg",10011
10,"draymond green","draymond","green",33,55,52,1490,185,372,0.497,51,129,0.395,134,243,0.551,0.566,54,74,0.73,76,322,398,332,55,47,135,166,475,"GSW","pf",10012
10,"kevon looney","kevon","looney",27,74,36,1195,139,233,0.597,0,1,0,139,232,0.599,0.597,56,83,0.675,143,276,419,133,28,29,50,155,334,"GSW","c",10010
10,"moses moody","moses","moody",21,66,9,1156,194,420,0.462,72,200,0.36,122,220,0.555,0.548,73,93,0.785,65,131,196,57,42,24,44,90,533,"GSW","sg",10013
10,"trayce jackson-davis","trayce","jackson-davis",23,68,16,1130,233,332,0.702,0,1,0,233,331,0.704,0.702,74,132,0.561,135,206,341,82,29,76,49,108,540,"GSW","pf",10008
10,"dario šarić","dario","šarić",29,64,9,1098,181,388,0.466,74,197,0.376,107,191,0.56,0.562,79,93,0.849,73,210,283,144,31,10,78,112,515,"GSW","c",10005
10,"gary payton ii","gary","payton",31,44,0,680,103,183,0.563,20,55,0.364,83,128,0.648,0.617,14,23,0.609,46,67,113,48,39,18,27,77,240,"GSW","sg",10016
10,"lester quinones","lester","quinones",23,37,0,394,56,141,0.397,32,88,0.364,24,53,0.453,0.511,20,29,0.69,21,51,72,36,6,2,17,44,164,"GSW","sg",10014
10,"cory joseph","cory","joseph",32,26,0,296,23,64,0.359,13,42,0.31,10,22,0.455,0.461,4,7,0.571,6,24,30,42,4,3,12,25,63,"GSW","sg",10021
10,"gui santos","gui","santos",21,23,0,192,28,55,0.509,10,27,0.37,18,28,0.643,0.6,16,17,0.941,17,32,49,14,4,2,7,23,82,"GSW","pf",10001
10,"jerome robinson","jerome","robinson",26,22,0,81,11,33,0.333,2,17,0.118,9,16,0.563,0.364,7,11,0.636,1,5,6,5,1,3,2,5,31,"GSW","sg",10015
10,"pat spencer","pat","spencer",27,6,0,26,2,4,0.5,0,2,0,2,2,1,0.5,0,0,0,2,2,4,5,0,0,1,1,4,"GSW","pg",10017
10,"usman garuba","usman","garuba",21,6,0,18,1,6,0.167,0,1,0,1,5,0.2,0.167,1,2,0.5,3,4,7,1,1,3,2,2,3,"GSW","pf",10004
11,"fred vanvleet","fred","vanvleet",29,73,73,2684,423,1018,0.416,227,586,0.387,196,432,0.454,0.527,197,229,0.86,33,245,278,589,101,59,126,183,1270,"HOU","pg",11010
11,"jalen green","jalen","green",21,82,82,2601,563,1332,0.423,201,605,0.332,362,727,0.498,0.498,283,352,0.804,41,382,423,291,66,28,191,115,1610,"HOU","sg",11006
11,"jabari smith jr.","jabari","smith",20,76,76,2424,378,833,0.454,138,380,0.363,240,453,0.53,0.537,150,185,0.811,139,477,616,121,52,61,89,200,1044,"HOU","pf",11009
11,"dillon brooks","dillon","brooks",28,72,72,2227,329,768,0.428,133,370,0.359,196,398,0.492,0.515,124,147,0.844,53,193,246,119,64,10,88,241,915,"HOU","sf",11002
11,"alperen sengun","alperen","sengun",21,63,63,2046,527,982,0.537,33,111,0.297,494,871,0.567,0.553,244,352,0.693,183,406,589,312,76,46,162,211,1331,"HOU","c",11005
11,"amen thompson","amen","thompson",21,62,23,1388,239,446,0.536,8,58,0.138,231,388,0.595,0.545,106,155,0.684,148,261,409,163,78,38,90,141,592,"HOU","sf",11014
11,"jeff green","jeff","green",37,78,6,1307,167,366,0.456,53,160,0.331,114,206,0.553,0.529,122,149,0.819,46,132,178,70,16,31,46,100,509,"HOU","pf",11008
11,"aaron holiday","aaron","holiday",27,78,1,1269,186,417,0.446,84,217,0.387,102,200,0.51,0.547,58,63,0.921,23,100,123,140,42,6,53,125,514,"HOU","pg",11007
11,"jae'sean tate","jae'sean","tate",28,65,9,1031,108,229,0.472,23,77,0.299,85,152,0.559,0.522,26,39,0.667,61,136,197,64,42,15,37,137,265,"HOU","sf",11012
11,"cam whitmore","cam","whitmore",19,47,2,880,212,467,0.454,79,220,0.359,133,247,0.538,0.539,76,112,0.679,44,136,180,33,30,17,46,64,579,"HOU","sf",11015
11,"jock landale","jock","landale",28,56,3,763,106,206,0.515,10,40,0.25,96,166,0.578,0.539,52,65,0.8,88,84,172,65,20,33,31,74,274,"HOU","c",11001
11,"tari eason","tari","eason",22,22,0,480,88,189,0.466,18,50,0.36,70,139,0.504,0.513,21,33,0.636,46,107,153,27,31,19,20,51,215,"HOU","pf",11016
11,"reggie bullock","reggie","bullock",32,44,0,417,34,82,0.415,27,67,0.403,7,15,0.467,0.579,1,1,1,6,67,73,15,12,5,10,29,96,"HOU","sf",11013
11,"jeenathan williams","jeenathan","williams",24,22,0,129,27,50,0.54,2,5,0.4,25,45,0.556,0.56,7,13,0.538,12,11,23,7,4,1,4,10,63,"HOU","sg",11011
11,"nate hinton","nate","hinton",24,15,0,75,11,26,0.423,7,14,0.5,4,12,0.333,0.558,4,5,0.8,7,15,22,10,3,2,3,11,33,"HOU","sg",11017
11,"boban marjanović","boban","marjanović",35,14,0,71,18,34,0.529,0,2,0,18,32,0.563,0.529,9,14,0.643,7,25,32,6,1,2,5,5,45,"HOU","c",11004
11,"jermaine samuels","jermaine","samuels",25,14,0,60,9,14,0.643,0,2,0,9,12,0.75,0.643,2,2,1,3,10,13,3,1,2,0,5,20,"HOU","sf",11018
12,"tyrese haliburton","tyrese","haliburton",23,69,68,2224,500,1048,0.477,195,535,0.364,305,513,0.595,0.57,194,227,0.855,35,236,271,752,83,48,159,75,1389,"IND","pg",12009
12,"myles turner","myles","turner",27,77,77,2076,476,909,0.524,116,324,0.358,360,585,0.615,0.587,245,317,0.773,113,420,533,100,39,144,109,232,1313,"IND","c",12006
12,"aaron nesmith","aaron","nesmith",24,72,47,1995,315,635,0.496,140,334,0.419,175,301,0.581,0.606,107,137,0.781,63,212,275,108,65,49,64,241,877,"IND","sf",12007
12,"obi toppin","obi","toppin",25,82,28,1730,332,579,0.573,102,253,0.403,230,326,0.706,0.661,77,100,0.77,85,235,320,128,47,43,69,143,843,"IND","pf",12005
12,"andrew nembhard","andrew","nembhard",24,68,47,1697,260,522,0.498,61,171,0.357,199,351,0.567,0.557,45,56,0.804,36,105,141,280,63,6,101,143,626,"IND","pg",12002
12,"bennedict mathurin","bennedict","mathurin",21,59,19,1538,296,663,0.446,80,214,0.374,216,449,0.481,0.507,184,224,0.821,60,174,234,119,35,14,97,117,856,"IND","sf",12001
12,"t.j. mcconnell","t.j.","mcconnell",31,71,4,1291,330,593,0.556,18,44,0.409,312,549,0.568,0.572,49,62,0.79,36,155,191,390,72,8,108,79,727,"IND","pg",12008
12,"jalen smith","jalen","smith",23,61,14,1047,234,395,0.592,61,144,0.424,173,251,0.689,0.67,72,104,0.692,112,225,337,63,17,38,44,124,601,"IND","c",12011
12,"ben sheppard","ben","sheppard",22,57,1,814,90,229,0.393,49,156,0.314,41,73,0.562,0.5,23,26,0.885,15,74,89,53,33,2,15,88,252,"IND","sg",12010
12,"isaiah jackson","isaiah","jackson",22,59,3,771,155,233,0.665,0,4,0,155,229,0.677,0.665,73,102,0.716,94,144,238,50,34,61,39,137,383,"IND","c",12013
12,"jarace walker","jarace","walker",20,33,0,340,45,110,0.409,22,55,0.4,23,55,0.418,0.509,8,9,0.889,12,51,63,40,15,11,17,29,120,"IND","pf",12012
12,"kendall brown","kendall","brown",20,15,0,63,8,15,0.533,0,2,0,8,13,0.615,0.533,5,8,0.625,3,2,5,5,0,0,2,9,21,"IND","sg",12014
12,"james johnson","james","johnson",36,9,0,47,3,10,0.3,0,2,0,3,8,0.375,0.3,2,2,1,1,3,4,8,5,1,5,9,8,"IND","pf",12015
12,"oscar tshiebwe","oscar","tshiebwe",24,8,0,42,10,20,0.5,0,0,0,10,20,0.5,0.5,6,8,0.75,8,8,16,2,2,1,0,3,26,"IND","pf",12003
12,"quenton jackson","quenton","jackson",25,3,0,11,0,1,0,0,0,0,0,1,0,0,2,2,1,0,4,4,2,1,0,0,1,2,"IND","pg",12018
12,"isaiah wong","isaiah","wong",23,1,0,4,1,3,0.333,0,1,0,1,2,0.5,0.333,0,0,0,0,0,0,0,0,0,0,0,2,"IND","sg",12017
13,"paul george","paul","george",33,74,74,2502,582,1236,0.471,243,588,0.413,339,648,0.523,0.569,264,291,0.907,37,351,388,262,113,37,153,202,1671,"LAC","pf",13007
13,"james harden","james","harden",34,72,72,2470,352,822,0.428,186,488,0.381,166,334,0.497,0.541,302,344,0.878,34,335,369,614,77,57,185,127,1192,"LAC","pg",13008
13,"kawhi leonard","kawhi","leonard",32,68,68,2330,610,1162,0.525,140,336,0.417,470,826,0.569,0.585,253,286,0.885,84,332,416,244,111,59,119,97,1613,"LAC","sf",13010
13,"norman powell","norman","powell",30,76,3,1990,373,768,0.486,167,384,0.435,206,384,0.536,0.594,143,172,0.831,16,179,195,82,43,22,66,137,1056,"LAC","sg",13005
13,"terance mann","terance","mann",27,75,71,1873,254,493,0.515,71,204,0.348,183,289,0.633,0.587,79,95,0.832,87,167,254,119,43,15,48,145,658,"LAC","sg",13006
13,"ivica zubac","ivica","zubac",26,68,68,1794,337,519,0.649,0,0,0,337,519,0.649,0.649,120,166,0.723,196,430,626,93,22,83,79,180,794,"LAC","c",13001
13,"russell westbrook","russell","westbrook",35,68,11,1529,301,663,0.454,42,154,0.273,259,509,0.509,0.486,110,160,0.688,93,250,343,306,74,23,144,121,754,"LAC","pg",13012
13,"amir coffey","amir","coffey",26,70,13,1460,166,352,0.472,70,184,0.38,96,168,0.571,0.571,61,71,0.859,29,119,148,76,41,14,33,102,463,"LAC","sf",13009
13,"daniel theis","daniel","theis",31,59,3,1007,155,289,0.536,26,70,0.371,129,219,0.589,0.581,38,50,0.76,85,159,244,61,21,51,42,126,374,"LAC","c",13003
13,"mason plumlee","mason","plumlee",33,46,11,674,87,153,0.569,0,6,0,87,147,0.592,0.569,70,99,0.707,60,174,234,55,14,17,36,68,244,"LAC","c",13014
13,"bones hyland","bones","hyland",23,37,5,540,97,251,0.386,44,135,0.326,53,116,0.457,0.474,18,23,0.783,5,50,55,93,26,4,44,51,256,"LAC","pg",13016
13,"kobe brown","kobe","brown",24,44,0,394,37,90,0.411,14,48,0.292,23,42,0.548,0.489,1,2,0.5,20,42,62,25,12,6,9,49,89,"LAC","pf",13011
13,"brandon boston jr.","brandon","boston",22,32,0,345,65,161,0.404,14,52,0.269,51,109,0.468,0.447,23,33,0.697,19,33,52,13,11,8,24,40,167,"LAC","sf",13013
13,"xavier moon","xavier","moon",29,14,1,119,15,46,0.326,2,17,0.118,13,29,0.448,0.348,1,2,0.5,8,10,18,21,3,3,5,8,33,"LAC","sg",13015
13,"moussa diabaté","moussa","diabaté",22,11,0,64,10,19,0.526,0,0,0,10,19,0.526,0.526,9,14,0.643,15,9,24,4,5,1,2,4,29,"LAC","c",13004
13,"jordan miller","jordan","miller",24,8,0,28,5,9,0.556,1,2,0.5,4,7,0.571,0.611,2,2,1,3,2,5,0,0,0,1,2,13,"LAC","sf",13017
13,"joshua primo","joshua","primo",21,2,0,10,1,3,0.333,0,1,0,1,2,0.5,0.333,0,0,0,1,0,1,0,0,1,4,0,2,"LAC","sg",13021
14,"anthony davis","anthony","davis",30,76,76,2700,713,1283,0.556,29,107,0.271,684,1176,0.582,0.567,421,516,0.816,239,722,961,266,91,178,159,177,1876,"LAL","c",14004
14,"austin reaves","austin","reaves",25,82,57,2629,457,940,0.486,154,420,0.367,303,520,0.583,0.568,232,272,0.853,57,295,352,450,66,25,174,153,1300,"LAL","sg",14002
14,"lebron james","lebron","james",39,71,71,2504,685,1269,0.54,149,363,0.41,536,906,0.592,0.599,303,404,0.75,61,457,518,589,89,38,245,78,1822,"LAL","pf",14006
14,"d'angelo russell","d'angelo","russell",27,76,69,2484,492,1080,0.456,226,545,0.415,266,535,0.497,0.56,159,192,0.828,28,208,236,482,69,36,156,156,1369,"LAL","pg",14005
14,"taurean prince","taurean","prince",29,78,49,2108,253,572,0.442,141,356,0.396,112,216,0.519,0.566,50,68,0.735,21,209,230,119,58,35,73,146,697,"LAL","pf",14003
14,"rui hachimura","rui","hachimura",25,68,39,1826,363,676,0.537,98,232,0.422,265,444,0.597,0.609,99,134,0.739,58,236,294,81,41,25,46,101,923,"LAL","pf",14001
14,"cam reddish","cam","reddish",24,48,26,984,91,234,0.389,37,110,0.336,54,124,0.435,0.468,41,54,0.759,27,72,99,48,47,14,31,64,260,"LAL","sf",14011
14,"max christie","max","christie",20,67,7,944,103,241,0.427,42,118,0.356,61,123,0.496,0.515,36,46,0.783,15,127,142,60,20,17,35,57,284,"LAL","sg",14009
14,"jaxson hayes","jaxson","hayes",23,70,5,877,126,175,0.72,0,8,0,126,167,0.754,0.72,51,82,0.622,69,142,211,33,34,29,43,123,303,"LAL","c",14007
14,"christian wood","christian","wood",28,50,1,872,123,264,0.466,35,114,0.307,88,150,0.587,0.532,66,94,0.702,39,215,254,49,16,33,50,72,347,"LAL","pf",14010
14,"spencer dinwiddie","spencer","dinwiddie",30,28,4,678,56,141,0.397,35,90,0.389,21,51,0.412,0.521,44,50,0.88,4,43,47,68,13,13,29,52,191,"LAL","pg",14014
14,"jarred vanderbilt","jarred","vanderbilt",24,29,6,581,59,114,0.518,8,27,0.296,51,87,0.586,0.553,24,36,0.667,41,97,138,36,36,5,28,43,150,"LAL","pf",14013
14,"gabe vincent","gabe","vincent",27,11,0,218,15,49,0.306,3,28,0.107,12,21,0.571,0.337,1,2,0.5,4,5,9,21,9,0,5,19,34,"LAL","pg",14017
14,"jalen hood-schifino","jalen","hood-schifino",20,21,0,109,10,45,0.222,2,15,0.133,8,30,0.267,0.244,12,20,0.6,2,11,13,8,3,2,9,13,34,"LAL","sg",14015
14,"maxwell lewis","maxwell","lewis",21,34,0,103,4,21,0.19,1,9,0.111,3,12,0.25,0.214,2,3,0.667,2,2,4,6,2,1,10,5,11,"LAL","sf",14008
14,"colin castleton","colin","castleton",23,16,0,59,9,16,0.563,0,0,0,9,16,0.563,0.563,6,6,1,6,6,12,3,2,0,3,11,24,"LAL","c",14016
14,"d'moi hodge","d'moi","hodge",25,7,0,41,5,15,0.333,3,12,0.25,2,3,0.667,0.433,1,2,0.5,0,0,0,5,1,1,1,4,14,"LAL","sg",14021
14,"harry giles","harry","giles",25,7,0,19,1,6,0.167,0,3,0,1,3,0.333,0.167,0,0,0,0,4,4,0,1,0,0,0,2,"LAL","c",14018
14,"alex fudge","alex","fudge",20,4,0,14,1,6,0.167,0,2,0,1,4,0.25,0.167,2,2,1,2,0,2,0,0,0,1,1,4,"LAL","sf",7018
15,"jaren jackson jr.","jaren","jackson",24,66,66,2124,516,1162,0.444,117,366,0.32,399,796,0.501,0.494,337,417,0.808,85,280,365,154,80,106,160,235,1486,"MEM","c",15004
15,"santi aldama","santi","aldama",23,61,35,1618,247,568,0.435,106,304,0.349,141,264,0.534,0.528,54,87,0.621,72,280,352,138,43,54,69,89,654,"MEM","pf",15002
15,"desmond bane","desmond","bane",25,42,42,1443,360,776,0.464,137,360,0.381,223,416,0.536,0.552,140,161,0.87,36,149,185,230,43,22,112,120,997,"MEM","sg",15010
15,"vince williams jr.","vince","williams",23,52,33,1436,169,379,0.446,79,209,0.378,90,170,0.529,0.55,104,130,0.8,59,231,290,175,47,34,92,135,521,"MEM","sg",15007
15,"gg jackson ii","gg","jackson",19,48,18,1233,241,563,0.428,102,286,0.357,139,277,0.502,0.519,115,153,0.752,53,143,196,59,28,24,65,64,699,"MEM","pf",15005
15,"john konchar","john","konchar",27,55,23,1173,88,208,0.423,38,120,0.317,50,88,0.568,0.514,21,25,0.84,72,185,257,110,51,51,46,76,235,"MEM","sf",15006
15,"ziaire williams","ziaire","williams",22,51,15,1038,150,378,0.397,58,189,0.307,92,189,0.487,0.474,62,75,0.827,35,145,180,75,36,9,66,85,420,"MEM","sf",15008
15,"luke kennard","luke","kennard",27,39,22,999,141,315,0.448,107,238,0.45,34,77,0.442,0.617,40,45,0.889,11,102,113,136,20,2,54,39,429,"MEM","sg",15011
15,"jake laravia","jake","laravia",22,35,6,806,118,303,0.389,53,156,0.34,65,147,0.442,0.477,90,109,0.826,51,77,128,58,29,12,45,69,379,"MEM","pf",15012
15,"xavier tillman sr.","xavier","tillman",25,34,13,700,87,213,0.408,12,53,0.226,75,160,0.469,0.437,18,43,0.419,56,101,157,57,42,35,29,60,204,"MEM","pf",2014
15,"jacob gilyard","jacob","gilyard",25,37,14,654,60,144,0.417,51,120,0.425,9,24,0.375,0.594,2,2,1,8,35,43,131,27,5,29,35,173,"MEM","pg",3015
15,"marcus smart","marcus","smart",29,20,20,605,102,237,0.43,42,134,0.313,60,103,0.583,0.519,43,56,0.768,6,47,53,86,41,5,62,53,289,"MEM","pg",15016
15,"scotty pippen jr.","scotty","pippen",23,21,16,527,100,203,0.493,30,72,0.417,70,131,0.534,0.567,41,55,0.745,22,45,67,98,36,10,56,60,271,"MEM","pg",15015
15,"lamar stevens","lamar","stevens",26,19,2,437,87,195,0.446,11,38,0.289,76,157,0.484,0.474,34,43,0.791,24,72,96,20,17,17,15,31,219,"MEM","pf",15013
15,"derrick rose","derrick","rose",35,24,7,399,76,165,0.461,15,41,0.366,61,124,0.492,0.506,24,27,0.889,7,38,45,78,8,2,31,21,191,"MEM","pg",15009
15,"ja morant","ja","morant",24,9,9,318,80,170,0.471,14,51,0.275,66,119,0.555,0.512,52,64,0.813,6,44,50,73,7,5,27,19,226,"MEM","pg",15018
15,"zavier simpson","zavier","simpson",26,7,0,161,17,54,0.315,5,17,0.294,12,37,0.324,0.361,3,4,0.75,4,16,20,25,7,3,10,11,42,"MEM","pg",15023
15,"jaylen nowell","jaylen","nowell",24,9,1,156,22,55,0.4,4,23,0.174,18,32,0.563,0.436,3,3,1,3,11,14,16,3,0,5,13,51,"MEM","sg",15027
15,"dejon jarreau","dejon","jarreau",26,9,0,150,17,50,0.34,4,13,0.308,13,37,0.351,0.38,5,11,0.455,8,36,44,26,6,2,9,14,43,"MEM","sg",15024
15,"brandon clarke","brandon","clarke",27,6,1,134,33,59,0.559,1,6,0.167,32,53,0.604,0.568,1,7,0.143,13,19,32,9,5,6,3,8,68,"MEM","pf",15001
15,"timmy allen","timmy","allen",24,5,0,125,6,23,0.261,0,7,0,6,16,0.375,0.261,1,2,0.5,4,13,17,5,4,0,2,18,13,"MEM","sf",15026
15,"mãozinha pereira","mãozinha","pereira",23,7,1,122,18,35,0.514,5,13,0.385,13,22,0.591,0.586,7,10,0.7,11,26,37,2,6,4,5,10,48,"MEM","sf",15021
15,"matthew hurt","matthew","hurt",23,8,0,113,12,34,0.353,5,20,0.25,7,14,0.5,0.426,3,3,1,9,7,16,4,3,3,2,8,32,"MEM","pf",15028
15,"wenyen gabriel","wenyen","gabriel",26,5,0,81,8,22,0.364,1,6,0.167,7,16,0.438,0.386,0,5,0,7,18,25,3,2,2,8,10,17,"MEM","pf",15025
15,"tosan evbuomwan","tosan","evbuomwan",22,4,0,74,4,15,0.267,2,8,0.25,2,7,0.286,0.333,0,0,0,8,6,14,6,0,1,1,5,10,"MEM","sf",15022
15,"jack white","jack","white",26,4,0,64,2,16,0.125,2,10,0.2,0,6,0,0.188,0,0,0,4,8,12,1,4,1,2,3,6,"MEM","sf",15029
15,"shaquille harrison","shaquille","harrison",30,3,0,6,1,2,0.5,0,0,0,1,2,0.5,0.5,0,0,0,0,2,2,0,0,1,0,0,2,"MEM","sg",15030
16,"bam adebayo","bam","adebayo",26,71,71,2416,530,1017,0.521,15,42,0.357,515,975,0.528,0.529,292,387,0.755,159,578,737,278,81,66,162,159,1367,"MIA","c",16004
16,"jaime jaquez jr.","jaime","jaquez",22,75,20,2113,341,697,0.489,65,202,0.322,276,495,0.558,0.536,142,175,0.811,82,203,285,195,77,20,110,167,889,"MIA","sf",16003
16,"jimmy butler","jimmy","butler",34,60,60,2042,396,793,0.499,60,145,0.414,336,648,0.519,0.537,394,459,0.858,105,213,318,298,79,17,102,68,1246,"MIA","pf",16008
16,"duncan robinson","duncan","robinson",29,68,36,1905,304,675,0.45,187,473,0.395,117,202,0.579,0.589,80,90,0.889,15,158,173,192,46,16,95,163,875,"MIA","sf",16005
16,"caleb martin","caleb","martin",28,64,23,1756,241,559,0.431,81,232,0.349,160,327,0.489,0.504,77,99,0.778,74,207,281,143,47,29,77,126,640,"MIA","sf",16007
16,"tyler herro","tyler","herro",24,42,40,1407,324,735,0.441,132,333,0.396,192,402,0.478,0.531,95,111,0.856,19,203,222,188,30,3,93,63,875,"MIA","sg",16012
16,"haywood highsmith","haywood","highsmith",27,66,26,1366,153,329,0.465,76,192,0.396,77,137,0.562,0.581,23,36,0.639,65,145,210,70,53,30,34,117,405,"MIA","pf",16006
16,"josh richardson","josh","richardson",30,43,6,1103,154,347,0.444,66,190,0.347,88,157,0.561,0.539,51,54,0.944,18,103,121,105,24,14,36,76,425,"MIA","sg",16011
16,"terry rozier","terry","rozier",29,31,30,975,190,449,0.423,66,178,0.371,124,271,0.458,0.497,63,69,0.913,18,112,130,144,31,9,41,49,509,"MIA","pg",16015
16,"kevin love","kevin","love",35,55,5,924,158,359,0.44,84,244,0.344,74,115,0.643,0.557,85,108,0.787,59,279,338,115,18,10,48,97,485,"MIA","pf",16009
16,"nikola jović","nikola","jović",20,46,38,896,127,281,0.452,65,163,0.399,62,118,0.525,0.568,33,47,0.702,25,167,192,90,25,14,42,82,352,"MIA","pf",16002
16,"thomas bryant","thomas","bryant",26,38,4,441,86,149,0.577,4,22,0.182,82,127,0.646,0.591,41,47,0.872,40,101,141,23,10,16,21,46,217,"MIA","c",16013
16,"orlando robinson","orlando","robinson",23,36,7,304,36,72,0.5,8,15,0.533,28,57,0.491,0.556,19,25,0.76,28,56,84,34,7,8,18,35,99,"MIA","c",16010
16,"jamal cain","jamal","cain",24,26,1,259,34,79,0.43,11,31,0.355,23,48,0.479,0.5,18,23,0.783,15,22,37,10,10,5,8,22,97,"MIA","pf",16016
16,"patty mills","patty","mills",35,13,5,213,27,80,0.338,11,53,0.208,16,27,0.593,0.406,11,11,1,4,11,15,20,11,0,8,15,76,"MIA","pg",16001
16,"dru smith","dru","smith",26,9,0,131,15,33,0.455,7,17,0.412,8,16,0.5,0.561,2,2,1,6,8,14,14,9,3,5,12,39,"MIA","sg",16021
16,"cole swider","cole","swider",24,18,0,87,15,38,0.395,10,30,0.333,5,8,0.625,0.526,2,2,1,1,6,7,5,1,1,8,4,42,"MIA","sf",16017
16,"r.j. hampton","r.j.","hampton",22,8,2,76,4,14,0.286,1,8,0.125,3,6,0.5,0.321,1,2,0.5,2,4,6,8,0,0,3,8,10,"MIA","sg",16022
16,"alondes williams","alondes","williams",24,7,0,16,2,8,0.25,0,4,0,2,4,0.5,0.25,1,1,1,0,1,1,0,0,1,2,2,5,"MIA","sg",16018
17,"damian lillard","damian","lillard",33,73,73,2579,541,1277,0.424,220,622,0.354,321,655,0.49,0.51,473,514,0.92,36,284,320,508,72,18,193,134,1775,"MIL","pg",17009
17,"giannis antetokounmpo","giannis","antetokounmpo",29,73,73,2567,837,1369,0.611,34,124,0.274,803,1245,0.645,0.624,514,782,0.657,196,645,841,476,87,79,250,210,2222,"MIL","pf",17002
17,"brook lopez","brook","lopez",35,79,79,2411,366,755,0.485,148,404,0.366,218,351,0.621,0.583,110,134,0.821,117,292,409,127,43,189,79,191,990,"MIL","c",17005
17,"malik beasley","malik","beasley",27,79,77,2337,320,722,0.443,224,542,0.413,96,180,0.533,0.598,25,35,0.714,41,249,290,108,59,9,54,158,889,"MIL","sg",17006
17,"bobby portis","bobby","portis",28,82,4,2008,466,918,0.508,100,246,0.407,366,672,0.545,0.562,98,124,0.79,142,465,607,104,68,34,91,189,1130,"MIL","pf",17004
17,"pat connaughton","pat","connaughton",31,76,3,1676,151,347,0.435,82,238,0.345,69,109,0.633,0.553,44,58,0.759,51,188,239,161,40,19,49,99,428,"MIL","sf",17007
17,"khris middleton","khris","middleton",32,55,55,1487,317,643,0.493,94,247,0.381,223,396,0.563,0.566,100,120,0.833,40,217,257,292,51,15,127,141,828,"MIL","sf",17008
17,"jae crowder","jae","crowder",33,50,25,1156,114,270,0.422,58,166,0.349,56,104,0.538,0.53,26,36,0.722,31,130,161,66,38,9,23,74,312,"MIL","pf",17013
17,"a.j. green","a.j.","green",24,56,0,614,83,196,0.423,69,169,0.408,14,27,0.519,0.599,17,19,0.895,9,55,64,30,9,4,12,49,252,"MIL","sg",17011
17,"marjon beauchamp","marjon","beauchamp",23,48,1,608,81,166,0.488,30,75,0.4,51,91,0.56,0.578,19,28,0.679,22,77,99,31,13,7,27,54,211,"MIL","sf",17014
17,"andre jackson jr.","andre","jackson",22,57,8,572,50,100,0.5,17,46,0.37,33,54,0.611,0.585,8,11,0.727,43,70,113,50,16,6,28,92,125,"MIL","sg",17010
17,"thanasis antetokounmpo","thanasis","antetokounmpo",31,34,0,155,16,30,0.533,0,1,0,16,29,0.552,0.533,0,2,0,7,6,13,17,7,4,14,24,32,"MIL","pf",17001
17,"chris livingston","chris","livingston",20,21,0,90,11,22,0.5,1,5,0.2,10,17,0.588,0.523,3,4,0.75,3,18,21,5,2,0,5,15,26,"MIL","sf",17017
17,"robin lopez","robin","lopez",35,16,2,65,7,19,0.368,2,8,0.25,5,11,0.455,0.421,2,2,1,3,2,5,4,1,3,2,7,18,"MIL","c",17022
17,"tyty washington jr.","tyty","washington",22,11,0,56,6,20,0.3,2,6,0.333,4,14,0.286,0.35,0,0,0,1,4,5,5,3,0,2,1,14,"MIL","pg",17015
17,"lindell wigginton","lindell","wigginton",25,3,0,8,2,5,0.4,0,2,0,2,3,0.667,0.4,2,2,1,0,0,0,0,0,0,1,1,6,"MIL","pg",17021
17,"marques bolden","marques","bolden",25,2,0,3,0,0,0,0,0,0,0,0,0,0,0,0,0,0,2,2,0,0,0,0,1,0,"MIL","c",4018
18,"anthony edwards","anthony","edwards",22,79,78,2770,718,1558,0.461,190,532,0.357,528,1026,0.515,0.522,423,506,0.836,52,378,430,405,101,42,241,141,2049,"MIN","sg",18004
18,"rudy gobert","rudy","gobert",31,76,76,2593,406,614,0.661,0,3,0,406,611,0.664,0.661,249,390,0.638,285,697,982,102,52,162,118,238,1061,"MIN","c",18003
18,"mike conley","mike","conley",36,76,76,2193,294,644,0.457,179,405,0.442,115,239,0.481,0.595,102,112,0.911,37,181,218,449,88,17,102,128,869,"MIN","pg",18011
18,"jaden mcdaniels","jaden","mcdaniels",23,72,71,2105,307,628,0.489,86,255,0.337,221,373,0.592,0.557,57,79,0.722,56,168,224,101,63,42,87,219,757,"MIN","sf",18008
18,"karl-anthony towns","karl-anthony","towns",28,62,62,2026,479,951,0.504,136,327,0.416,343,624,0.55,0.575,255,292,0.873,94,421,515,189,43,41,177,204,1349,"MIN","pf",18009
18,"naz reid","naz","reid",24,81,14,1964,406,851,0.477,169,408,0.414,237,443,0.535,0.576,109,148,0.736,73,350,423,106,63,73,111,172,1090,"MIN","c",18007
18,"nickeil alexander-walker","nickeil","alexander-walker",25,82,20,1921,236,538,0.439,131,335,0.391,105,203,0.517,0.56,52,65,0.8,35,132,167,204,64,42,76,143,655,"MIN","sg",18001
18,"kyle anderson","kyle","anderson",30,79,10,1782,199,433,0.46,11,48,0.229,188,385,0.488,0.472,97,137,0.708,60,213,273,331,71,47,91,128,506,"MIN","pf",18005
18,"jordan mclaughlin","jordan","mclaughlin",27,56,0,626,70,145,0.483,42,89,0.472,28,56,0.5,0.628,13,18,0.722,18,54,72,110,35,7,19,31,195,"MIN","pg",18006
18,"troy brown jr.","troy","brown",24,37,3,410,52,118,0.441,31,84,0.369,21,34,0.618,0.572,19,22,0.864,14,58,72,35,8,2,18,26,154,"MIN","sf",9016
18,"monte morris","monte","morris",28,27,0,408,50,120,0.417,25,59,0.424,25,61,0.41,0.521,12,17,0.706,5,40,45,61,18,8,5,13,137,"MIN","pg",18012
18,"t.j. warren","t.j.","warren",30,11,0,125,18,41,0.439,2,13,0.154,16,28,0.571,0.463,3,4,0.75,5,17,22,9,4,1,4,11,41,"MIN","sf",18017
18,"luka garza","luka","garza",25,25,0,122,36,75,0.48,9,32,0.281,27,43,0.628,0.54,18,25,0.72,19,12,31,4,4,1,6,24,99,"MIN","c",18013
18,"josh minott","josh","minott",21,32,0,91,17,36,0.472,4,10,0.4,13,26,0.5,0.528,12,14,0.857,4,13,17,8,5,5,2,10,50,"MIN","sf",18015
18,"wendell moore jr.","wendell","moore",22,25,0,75,9,18,0.5,0,6,0,9,12,0.75,0.5,0,0,0,0,12,12,6,5,1,4,5,18,"MIN","sg",18010
18,"leonard miller","leonard","miller",20,17,0,52,13,20,0.65,2,5,0.4,11,15,0.733,0.7,1,2,0.5,5,15,20,8,2,1,1,5,29,"MIN","sf",18002
18,"daishen nix","daishen","nix",21,15,0,50,9,24,0.375,6,17,0.353,3,7,0.429,0.5,3,6,0.5,1,2,3,6,5,0,5,2,27,"MIN","pg",18016
18,"justin jackson","justin","jackson",28,2,0,1,0,0,0,0,0,0,0,0,0,0,0,0,0,0,0,0,0,0,0,0,0,0,"MIN","pf",18021
19,"herbert jones","herbert","jones",25,76,76,2321,293,588,0.498,114,273,0.418,179,315,0.568,0.595,137,158,0.867,74,198,272,199,105,62,93,224,837,"NOP","sf",19003
19,"zion williamson","zion","williamson",23,70,70,2207,624,1094,0.57,6,18,0.333,618,1076,0.574,0.573,347,494,0.702,122,284,406,352,77,47,193,159,1601,"NOP","pf",19004
19,"cj mccollum","cj","mccollum",32,66,66,2159,484,1055,0.459,239,557,0.429,245,498,0.492,0.572,115,139,0.827,39,247,286,305,62,41,110,126,1322,"NOP","pg",19006
19,"brandon ingram","brandon","ingram",26,64,64,2103,500,1017,0.492,86,242,0.355,414,775,0.534,0.534,246,307,0.801,43,281,324,363,50,40,163,145,1332,"NOP","sf",19008
19,"jonas valančiūnas","jonas","valančiūnas",31,82,82,1925,402,719,0.559,37,120,0.308,365,599,0.609,0.585,161,205,0.785,186,535,721,173,32,68,111,218,1002,"NOP","c",19002
19,"trey murphy iii","trey","murphy",23,57,23,1690,275,621,0.443,169,445,0.38,106,176,0.602,0.579,123,151,0.815,42,238,280,124,51,28,34,70,842,"NOP","sf",19011
19,"dyson daniels","dyson","daniels",20,61,16,1358,139,311,0.447,42,135,0.311,97,176,0.551,0.514,34,53,0.642,62,174,236,164,85,25,59,101,354,"NOP","pg",19001
19,"naji marshall","naji","marshall",26,66,1,1257,170,367,0.463,58,150,0.387,112,217,0.516,0.542,68,86,0.791,53,187,240,128,49,12,65,91,466,"NOP","sf",19007
19,"larry nance jr.","larry","nance",31,61,0,1216,138,241,0.573,27,65,0.415,111,176,0.631,0.629,47,61,0.77,94,213,307,113,61,19,49,98,350,"NOP","c",19010
19,"jordan hawkins","jordan","hawkins",21,67,10,1160,174,456,0.382,109,298,0.366,65,158,0.411,0.501,67,80,0.838,29,119,148,70,19,7,40,72,524,"NOP","sg",19005
19,"jose alvarado","jose","alvarado",25,56,0,1028,142,345,0.412,78,207,0.377,64,138,0.464,0.525,35,52,0.673,25,103,128,117,59,15,40,89,397,"NOP","pg",19012
19,"matt ryan","matt","ryan",26,28,1,390,49,113,0.434,41,91,0.451,8,22,0.364,0.615,13,14,0.929,6,34,40,18,6,1,19,32,152,"NOP","sf",19015
19,"jeremiah robinson-earl","jeremiah","robinson-earl",23,39,1,334,45,95,0.474,13,39,0.333,32,56,0.571,0.542,12,16,0.75,23,53,76,21,10,4,16,24,115,"NOP","pf",19014
19,"cody zeller","cody","zeller",31,43,0,320,26,62,0.419,1,3,0.333,25,59,0.424,0.427,23,38,0.605,48,64,112,39,9,5,16,45,76,"NOP","c",19009
19,"dereon seabron","dereon","seabron",23,6,0,55,4,13,0.308,1,2,0.5,3,11,0.273,0.346,5,6,0.833,1,6,7,5,2,1,0,4,14,"NOP","sg",19013
19,"e.j. liddell","e.j.","liddell",23,8,0,23,1,6,0.167,0,5,0,1,1,1,0.167,2,2,1,0,5,5,1,2,2,2,2,4,"NOP","pf",19016
19,"kaiser gates","kaiser","gates",27,1,0,7,0,4,0,0,2,0,0,2,0,0,0,0,0,0,1,1,0,0,0,0,0,0,"NOP","sf",19023
19,"jalen crutcher","jalen","crutcher",24,1,0,3,0,1,0,0,0,0,0,1,0,0,0,0,0,0,0,0,0,0,0,0,0,0,"NOP","pg",19022
19,"izaiah brockington","izaiah","brockington",24,1,0,3,2,5,0.4,0,1,0,2,4,0.5,0.4,0,0,0,1,1,2,0,0,0,0,0,4,"NOP","pg",19021
20,"jalen brunson","jalen","brunson",27,77,77,2726,790,1648,0.479,211,526,0.401,579,1122,0.516,0.543,421,497,0.847,43,235,278,519,70,13,186,144,2212,"NYK","pg",20008
20,"josh hart","josh","hart",28,81,42,2707,295,679,0.434,80,258,0.31,215,421,0.511,0.493,91,115,0.791,128,547,675,331,75,23,118,171,761,"NYK","sf",20007
20,"donte divincenzo","donte","divincenzo",27,81,63,2360,445,1004,0.443,283,705,0.401,162,299,0.542,0.584,86,114,0.754,63,234,297,216,107,36,113,166,1259,"NYK","sg",20006
20,"isaiah hartenstein","isaiah","hartenstein",25,75,49,1896,235,365,0.644,1,3,0.333,234,362,0.646,0.645,111,157,0.707,244,382,626,188,87,85,93,210,582,"NYK","c",20009
20,"julius randle","julius","randle",29,46,46,1630,395,836,0.472,76,244,0.311,319,592,0.539,0.518,236,302,0.781,99,324,423,229,25,12,159,125,1102,"NYK","pf",20012
20,"miles mcbride","miles","mcbride",23,68,14,1328,205,454,0.452,109,266,0.41,96,188,0.511,0.572,43,50,0.86,31,69,100,114,50,7,30,108,562,"NYK","pg",20010
20,"quentin grimes","quentin","grimes",23,45,18,910,113,286,0.395,77,212,0.363,36,74,0.486,0.53,24,34,0.706,14,74,88,52,30,3,21,66,327,"NYK","sg",9014
20,"mitchell robinson","mitchell","robinson",25,31,21,768,73,127,0.575,0,0,0,73,127,0.575,0.575,27,66,0.409,142,121,263,18,37,35,25,55,173,"NYK","c",20014
20,"jericho sims","jericho","sims",25,45,11,585,38,55,0.691,0,0,0,38,55,0.691,0.691,16,24,0.667,56,91,147,25,8,19,16,45,92,"NYK","c",20013
20,"bojan bogdanović","bojan","bogdanović",34,29,0,557,110,256,0.43,47,127,0.37,63,129,0.488,0.521,36,45,0.8,9,49,58,26,7,1,38,38,303,"NYK","sf",20001
20,"alec burks","alec","burks",32,23,1,311,50,163,0.307,25,83,0.301,25,80,0.313,0.383,24,33,0.727,8,32,40,20,7,1,16,11,149,"NYK","sg",20016
20,"taj gibson","taj","gibson",38,16,1,165,7,23,0.304,0,6,0,7,17,0.412,0.304,2,2,1,10,18,28,9,2,6,5,28,16,"NYK","pf",9017
20,"daquan jeffries","daquan","jeffries",26,17,0,46,6,17,0.353,2,10,0.2,4,7,0.571,0.412,0,2,0,0,5,5,5,0,1,3,2,14,"NYK","sg",20017
20,"ryan arcidiacono","ryan","arcidiacono",29,20,0,45,0,6,0,0,6,0,0,0,0,0,0,0,0,0,8,8,4,2,0,2,5,0,"NYK","pg",20021
20,"evan fournier","evan","fournier",31,3,0,39,4,20,0.2,2,15,0.133,2,5,0.4,0.25,2,2,1,0,4,4,3,4,0,1,4,12,"NYK","sg",9001
20,"jacob toppin","jacob","toppin",23,9,0,38,5,9,0.556,1,4,0.25,4,5,0.8,0.611,2,2,1,3,4,7,3,0,1,1,3,13,"NYK","sf",20011
20,"charlie brown jr.","charlie","brown",26,8,0,37,2,10,0.2,2,7,0.286,0,3,0,0.3,0,0,0,1,1,2,0,0,2,2,5,6,"NYK","sg",20015
20,"shake milton","shake","milton",27,6,0,27,4,9,0.444,1,2,0.5,3,7,0.429,0.5,2,2,1,0,6,6,4,1,0,0,7,11,"NYK","sg",20018
20,"dylan windler","dylan","windler",27,3,0,7,1,2,0.5,1,2,0.5,0,0,0,0.75,0,0,0,0,1,1,1,0,0,0,1,3,"NYK","sf",1017
20,"dmytro skapintsev","dmytro","skapintsev",25,2,0,2,0,1,0,0,0,0,0,1,0,0,0,0,0,0,0,0,0,0,0,0,0,0,"NYK","c",20022
21,"shai gilgeous-alexander","shai","gilgeous-alexander",25,75,75,2553,796,1487,0.535,95,269,0.353,701,1218,0.576,0.567,567,649,0.874,65,350,415,465,150,67,162,184,2254,"OKC","pg",21003
21,"chet holmgren","chet","holmgren",21,82,82,2413,505,953,0.53,129,349,0.37,376,604,0.623,0.598,218,275,0.793,129,519,648,200,53,190,131,197,1357,"OKC","c",21007
21,"luguentz dort","luguentz","dort",24,79,79,2246,288,657,0.438,156,396,0.394,132,261,0.506,0.557,128,155,0.826,74,210,284,113,72,47,74,228,860,"OKC","sf",21002
21,"jalen williams","jalen","williams",22,71,71,2223,536,993,0.54,103,241,0.427,433,752,0.576,0.592,180,221,0.814,37,245,282,322,80,45,123,175,1355,"OKC","pf",21010
21,"josh giddey","josh","giddey",21,80,80,2011,402,847,0.475,82,243,0.337,320,604,0.53,0.523,100,124,0.806,111,403,514,386,51,44,168,111,986,"OKC","sg",21001
21,"cason wallace","cason","wallace",20,82,13,1692,217,442,0.491,98,234,0.419,119,208,0.572,0.602,29,37,0.784,52,135,187,120,76,37,45,129,561,"OKC","sg",21008
21,"isaiah joe","isaiah","joe",24,78,1,1445,222,485,0.458,147,353,0.416,75,132,0.568,0.609,45,52,0.865,32,148,180,99,46,22,47,87,636,"OKC","sg",21011
21,"aaron wiggins","aaron","wiggins",25,78,4,1228,212,377,0.562,62,126,0.492,150,251,0.598,0.645,56,71,0.789,60,126,186,86,56,19,56,91,542,"OKC","sg",21012
21,"kenrich williams","kenrich","williams",29,69,1,1029,131,280,0.468,56,141,0.397,75,139,0.54,0.568,7,14,0.5,61,148,209,93,38,9,32,101,325,"OKC","pf",21013
21,"jaylin williams","jaylin","williams",21,69,1,897,95,228,0.417,53,144,0.368,42,84,0.5,0.533,33,41,0.805,36,198,234,110,28,27,34,98,276,"OKC","c",21014
21,"gordon hayward","gordon","hayward",33,26,3,447,48,106,0.453,15,29,0.517,33,77,0.429,0.524,27,39,0.692,13,51,64,42,12,1,15,21,138,"OKC","sf",21015
21,"ousmane dieng","ousmane","dieng",20,33,0,365,49,116,0.422,21,70,0.3,28,46,0.609,0.513,14,16,0.875,10,41,51,37,8,5,19,22,133,"OKC","pf",21005
21,"vasilije micić","vasilije","micić",30,30,0,361,37,91,0.407,11,45,0.244,26,46,0.565,0.467,14,19,0.737,1,23,24,76,9,3,29,22,99,"OKC","pg",4003
21,"lindy waters iii","lindy","waters",26,38,0,280,49,104,0.471,37,85,0.435,12,19,0.632,0.649,2,2,1,7,33,40,24,5,7,7,23,137,"OKC","sg",21009
21,"tre mann","tre","mann",22,13,0,119,20,40,0.5,8,19,0.421,12,21,0.571,0.6,1,1,1,4,20,24,20,3,0,9,3,49,"OKC","pg",4012
21,"olivier sarr","olivier","sarr",24,15,0,98,11,19,0.579,2,6,0.333,9,13,0.692,0.632,10,15,0.667,10,26,36,2,0,7,3,18,34,"OKC","c",21006
21,"dāvis bertāns","dāvis","bertāns",31,15,0,91,10,26,0.385,10,24,0.417,0,2,0,0.577,14,15,0.933,2,8,10,9,3,3,1,10,44,"OKC","pf",4002
21,"bismack biyombo","bismack","biyombo",31,10,0,73,7,12,0.583,0,0,0,7,12,0.583,0.583,4,8,0.5,5,13,18,2,1,3,4,7,18,"OKC","c",21004
21,"keyontae johnson","keyontae","johnson",23,9,0,66,5,16,0.313,1,3,0.333,4,13,0.308,0.344,0,0,0,4,6,10,4,1,0,4,5,11,"OKC","sf",21017
21,"aleksej pokusevski","aleksej","pokusevski",22,10,0,60,4,16,0.25,2,11,0.182,2,5,0.4,0.313,2,4,0.5,2,8,10,5,1,1,3,5,12,"OKC","pf",4004
21,"adam flagler","adam","flagler",24,2,0,14,1,7,0.143,1,6,0.167,0,1,0,0.214,0,0,0,0,0,0,4,0,0,0,0,3,"OKC","sg",21018
22,"paolo banchero","paolo","banchero",21,80,80,2799,640,1407,0.455,119,351,0.339,521,1056,0.493,0.497,405,559,0.725,82,472,554,431,71,47,247,153,1804,"ORL","pf",22008
22,"franz wagner","franz","wagner",22,72,72,2337,528,1096,0.482,94,334,0.281,434,762,0.57,0.525,271,319,0.85,72,309,381,269,76,28,137,168,1421,"ORL","sf",22004
22,"jalen suggs","jalen","suggs",22,75,75,2025,336,714,0.471,153,385,0.397,183,329,0.556,0.578,118,156,0.756,48,181,229,205,106,47,132,205,943,"ORL","sg",22010
22,"cole anthony","cole","anthony",23,81,0,1817,332,763,0.435,93,275,0.338,239,488,0.49,0.496,180,218,0.826,64,247,311,236,64,37,126,175,937,"ORL","pg",22007
22,"moritz wagner","moritz","wagner",26,80,1,1415,332,552,0.601,38,115,0.33,294,437,0.673,0.636,166,204,0.814,117,230,347,96,39,21,97,160,868,"ORL","c",22003
22,"wendell carter jr.","wendell","carter",24,55,48,1406,223,425,0.525,64,171,0.374,159,254,0.626,0.6,93,134,0.694,112,269,381,95,35,28,68,121,603,"ORL","c",22009
22,"gary harris","gary","harris",29,54,27,1297,131,297,0.441,76,205,0.371,55,92,0.598,0.569,34,45,0.756,24,67,91,87,49,14,31,91,372,"ORL","sg",22013
22,"joe ingles","joe","ingles",36,68,0,1169,99,227,0.436,70,161,0.435,29,66,0.439,0.59,28,34,0.824,18,124,142,203,43,5,67,88,296,"ORL","sf",22001
22,"anthony black","anthony","black",20,69,33,1164,115,247,0.466,37,94,0.394,78,153,0.51,0.54,49,80,0.613,33,106,139,91,35,21,56,110,316,"ORL","pg",22012
22,"goga bitadze","goga","bitadze",24,62,33,957,126,209,0.603,2,14,0.143,124,195,0.636,0.608,57,87,0.655,109,177,286,79,32,72,44,107,311,"ORL","c",22006
22,"jonathan isaac","jonathan","isaac",26,58,2,914,146,286,0.51,42,112,0.375,104,174,0.598,0.584,59,82,0.72,73,187,260,30,43,70,27,64,393,"ORL","pf",22015
22,"markelle fultz","markelle","fultz",25,43,18,910,154,326,0.472,4,18,0.222,150,308,0.487,0.479,23,33,0.697,56,82,138,120,42,15,50,65,335,"ORL","pg",22017
22,"caleb houstan","caleb","houstan",21,59,13,815,80,206,0.388,72,193,0.373,8,13,0.615,0.563,21,26,0.808,28,56,84,29,15,4,16,61,253,"ORL","sf",22002
22,"chuma okeke","chuma","okeke",25,47,8,432,40,112,0.357,23,82,0.28,17,30,0.567,0.46,4,7,0.571,18,62,80,20,9,7,16,19,107,"ORL","sf",22011
22,"trevelin queen","trevelin","queen",26,14,0,165,14,38,0.368,3,17,0.176,11,21,0.524,0.408,9,12,0.75,3,17,20,18,7,5,7,15,40,"ORL","sg",22014
22,"admiral schofield","admiral","schofield",26,23,0,84,10,26,0.385,6,16,0.375,4,10,0.4,0.5,0,2,0,3,14,17,7,1,0,5,9,26,"ORL","pf",22005
22,"jett howard","jett","howard",20,18,0,67,10,30,0.333,7,25,0.28,3,5,0.6,0.45,2,4,0.5,1,6,7,6,2,2,3,4,29,"ORL","sf",22016
22,"kevon harris","kevon","harris",26,2,0,6,2,3,0.667,0,0,0,2,3,0.667,0.667,0,0,0,0,2,2,1,0,0,1,3,4,"ORL","sg",22018
23,"tyrese maxey","tyrese","maxey",23,70,70,2626,638,1419,0.45,212,569,0.373,426,850,0.501,0.524,328,378,0.868,36,222,258,433,69,33,116,151,1816,"PHI","pg",23005
23,"tobias harris","tobias","harris",31,70,70,2368,463,951,0.487,91,258,0.353,372,693,0.537,0.535,187,213,0.878,80,373,453,217,70,46,93,115,1204,"PHI","pf",23006
23,"kelly oubre jr.","kelly","oubre",28,68,52,2055,387,878,0.441,101,325,0.311,286,553,0.517,0.498,174,232,0.75,94,247,341,101,77,47,87,194,1049,"PHI","sf",23007
23,"paul reed","paul","reed",24,82,24,1590,259,480,0.54,21,57,0.368,238,423,0.563,0.561,61,85,0.718,193,295,488,109,67,84,67,198,600,"PHI","c",23004
23,"nicolas batum","nicolas","batum",35,57,38,1475,113,248,0.456,71,178,0.399,42,70,0.6,0.599,15,21,0.714,70,171,241,123,45,34,39,104,312,"PHI","pf",23003
23,"joel embiid","joel","embiid",29,39,39,1309,450,851,0.529,54,139,0.388,396,712,0.556,0.561,399,452,0.883,95,335,430,219,46,66,150,112,1353,"PHI","c",23002
23,"de'anthony melton","de'anthony","melton",25,38,33,1023,139,360,0.386,77,214,0.36,62,146,0.425,0.493,66,79,0.835,28,113,141,114,60,16,39,84,421,"PHI","sg",23012
23,"patrick beverley","patrick","beverley",35,47,5,919,104,241,0.432,35,109,0.321,69,132,0.523,0.504,51,63,0.81,30,115,145,144,24,18,49,83,294,"PHI","pg",17012
23,"buddy hield","buddy","hield",31,32,14,824,142,333,0.426,82,211,0.389,60,122,0.492,0.55,24,26,0.923,27,75,102,97,27,11,41,66,390,"PHI","sg",23001
23,"mo bamba","mo","bamba",25,57,17,740,97,198,0.49,25,64,0.391,72,134,0.537,0.553,34,50,0.68,77,161,238,41,22,60,39,101,253,"PHI","c",23010
23,"kj martin","kj","martin",23,58,2,715,93,171,0.544,7,23,0.304,86,148,0.581,0.564,21,39,0.538,40,88,128,50,20,11,30,97,214,"PHI","sf",23008
23,"kyle lowry","kyle","lowry",37,23,20,653,60,135,0.444,36,89,0.404,24,46,0.522,0.578,28,33,0.848,9,56,65,106,20,6,32,52,184,"PHI","pg",23009
23,"marcus morris","marcus","morris",34,37,7,637,90,205,0.439,36,90,0.4,54,115,0.47,0.527,31,36,0.861,18,91,109,26,13,11,19,61,247,"PHI","pf",6016
23,"cameron payne","cameron","payne",29,31,8,602,107,259,0.413,52,136,0.382,55,123,0.447,0.514,21,23,0.913,16,39,55,96,20,8,35,53,287,"PHI","pg",23011
23,"danuel house jr.","danuel","house",30,34,4,509,47,105,0.448,15,50,0.3,32,55,0.582,0.519,35,46,0.761,16,42,58,28,15,5,19,45,144,"PHI","sf",23023
23,"robert covington","robert","covington",33,26,3,419,40,89,0.449,17,48,0.354,23,41,0.561,0.545,21,24,0.875,29,60,89,17,33,16,11,49,118,"PHI","sf",23015
23,"jaden springer","jaden","springer",21,32,1,377,46,118,0.39,8,37,0.216,38,81,0.469,0.424,28,34,0.824,25,33,58,35,25,11,26,49,128,"PHI","pg",2015
23,"furkan korkmaz","furkan","korkmaz",26,35,0,300,30,76,0.395,14,40,0.35,16,36,0.444,0.487,14,20,0.7,4,26,30,25,14,3,10,17,88,"PHI","sg",23024
23,"ricky council iv","ricky","council",22,32,0,289,54,112,0.482,12,32,0.375,42,80,0.525,0.536,53,71,0.746,14,32,46,16,8,1,5,17,173,"PHI","sg",23013
23,"jeff dowtin","jeff","dowtin",26,12,0,142,20,36,0.556,9,19,0.474,11,17,0.647,0.681,3,4,0.75,3,17,20,27,7,1,5,1,52,"PHI","pg",23014
23,"terquavion smith","terquavion","smith",21,16,0,84,18,46,0.391,13,35,0.371,5,11,0.455,0.533,3,5,0.6,0,4,4,12,8,0,7,8,52,"PHI","pg",23016
23,"p.j. tucker","p.j.","tucker",38,3,3,66,2,5,0.4,2,5,0.4,0,0,0,0.6,0,0,0,1,13,14,0,3,2,2,9,6,"PHI","pf",13018
23,"danny green","danny","green",36,2,0,18,0,2,0,0,1,0,0,1,0,0,0,0,0,0,2,2,1,1,0,0,1,0,"PHI","sg",23022
23,"d.j. wilson","d.j.","wilson",27,2,0,15,4,6,0.667,2,2,1,2,4,0.5,0.833,0,0,0,1,1,2,2,0,2,0,1,10,"PHI","pf",23021
23,"javonte smart","javonte","smart",24,1,0,1,0,0,0,0,0,0,0,0,0,0,0,0,0,0,0,0,0,0,0,0,0,0,"PHI","pg",23025
24,"kevin durant","kevin","durant",35,75,75,2791,751,1436,0.523,168,407,0.413,583,1029,0.567,0.581,362,423,0.856,41,454,495,378,69,91,244,133,2032,"PHO","pf",24005
24,"grayson allen","grayson","allen",28,75,74,2513,340,682,0.499,205,445,0.461,135,237,0.57,0.649,129,147,0.878,48,247,295,227,69,45,95,157,1014,"PHO","sg",24006
24,"devin booker","devin","booker",27,68,68,2447,642,1305,0.492,152,418,0.364,490,887,0.552,0.55,405,457,0.886,56,252,308,472,61,28,178,206,1841,"PHO","pg",24008
24,"jusuf nurkić","jusuf","nurkić",29,76,76,2078,320,627,0.51,22,90,0.244,298,537,0.555,0.528,167,261,0.64,224,613,837,301,81,80,175,254,829,"PHO","c",24001
24,"eric gordon","eric","gordon",35,68,24,1893,274,618,0.443,150,397,0.378,124,221,0.561,0.565,51,64,0.797,16,106,122,139,66,30,73,79,749,"PHO","sg",24009
24,"bradley beal","bradley","beal",30,53,53,1767,377,735,0.513,101,235,0.43,276,500,0.552,0.582,109,134,0.813,54,178,232,265,52,27,131,127,964,"PHO","sg",24011
24,"drew eubanks","drew","eubanks",26,75,6,1169,152,253,0.601,3,3,1,149,250,0.596,0.607,72,93,0.774,103,219,322,63,27,61,61,115,379,"PHO","c",24007
24,"josh okogie","josh","okogie",25,60,11,960,86,206,0.417,29,94,0.309,57,112,0.509,0.488,76,102,0.745,74,80,154,64,48,24,36,68,277,"PHO","sg",24003
24,"royce o'neale","royce","o'neale",30,30,8,752,88,214,0.411,59,157,0.376,29,57,0.509,0.549,9,13,0.692,22,134,156,82,27,15,22,54,244,"PHO","sf",24010
24,"keita bates-diop","keita","bates-diop",28,39,8,597,64,150,0.427,20,64,0.313,44,86,0.512,0.493,26,36,0.722,30,71,101,34,22,20,13,33,174,"PHO","sf",3017
24,"jordan goodwin","jordan","goodwin",25,40,0,558,75,193,0.389,23,80,0.288,52,113,0.46,0.448,25,29,0.862,40,77,117,78,23,9,29,43,198,"PHO","pg",15017
24,"bol bol","bol","bol",24,43,0,469,93,151,0.616,22,52,0.423,71,99,0.717,0.689,15,19,0.789,32,105,137,17,10,25,19,42,223,"PHO","pf",24004
24,"nassir little","nassir","little",23,45,2,458,57,124,0.46,21,70,0.3,36,54,0.667,0.544,17,20,0.85,14,61,75,21,10,10,14,39,152,"PHO","sf",24012
24,"chimezie metu","chimezie","metu",26,37,5,448,66,130,0.508,15,51,0.294,51,79,0.646,0.565,38,43,0.884,24,86,110,19,19,9,27,39,185,"PHO","c",9015
24,"yuta watanabe","yuta","watanabe",29,29,0,382,35,97,0.361,24,75,0.32,11,22,0.5,0.485,10,15,0.667,11,34,45,10,9,7,16,34,104,"PHO","sf",15003
24,"saben lee","saben","lee",24,24,0,185,20,55,0.364,2,16,0.125,18,39,0.462,0.382,29,39,0.744,9,22,31,30,7,3,8,13,71,"PHO","pg",24015
24,"udoka azubuike","udoka","azubuike",24,16,0,113,16,23,0.696,0,0,0,16,23,0.696,0.696,3,13,0.231,11,21,32,3,1,6,4,17,35,"PHO","c",24002
24,"david roddy","david","roddy",22,17,0,63,10,23,0.435,1,8,0.125,9,15,0.6,0.457,1,1,1,2,9,11,4,2,0,3,4,22,"PHO","pf",24016
24,"isaiah thomas","isaiah","thomas",34,6,0,19,3,10,0.3,2,4,0.5,1,6,0.167,0.4,0,0,0,0,0,0,3,0,0,0,0,8,"PHO","pg",24017
24,"théo maledon","théo","maledon",22,4,0,13,1,4,0.25,0,0,0,1,4,0.25,0.25,3,3,1,0,1,1,0,0,0,3,3,5,"PHO","pg",24021
25,"jerami grant","jerami","grant",29,54,54,1830,383,850,0.451,111,276,0.402,272,574,0.474,0.516,255,312,0.817,37,154,191,152,45,34,116,117,1132,"POR","pf",25014
25,"deandre ayton","deandre","ayton",25,55,55,1784,427,749,0.57,1,10,0.1,426,739,0.576,0.571,65,79,0.823,176,433,609,90,56,42,99,109,920,"POR","c",25002
25,"scoot henderson","scoot","henderson",19,62,32,1765,307,797,0.385,87,268,0.325,220,529,0.416,0.44,167,204,0.819,53,141,194,336,48,13,212,195,868,"POR","pg",25012
25,"toumani camara","toumani","camara",23,70,49,1739,197,438,0.45,58,172,0.337,139,266,0.523,0.516,75,99,0.758,139,204,343,87,66,33,84,174,527,"POR","pf",25001
25,"jabari walker","jabari","walker",21,72,23,1700,234,509,0.46,41,139,0.295,193,370,0.522,0.5,129,171,0.754,151,357,508,71,42,22,66,173,638,"POR","sf",25008
25,"anfernee simons","anfernee","simons",24,46,46,1582,360,837,0.43,156,405,0.385,204,432,0.472,0.523,163,178,0.916,22,145,167,255,23,5,126,98,1039,"POR","sg",25015
25,"matisse thybulle","matisse","thybulle",26,65,19,1487,126,317,0.397,80,231,0.346,46,86,0.535,0.524,22,29,0.759,30,106,136,90,113,49,40,93,354,"POR","sf",25011
25,"kris murray","kris","murray",23,62,29,1348,145,366,0.396,49,183,0.268,96,183,0.525,0.463,37,56,0.661,85,139,224,80,53,21,55,92,376,"POR","sf",25009
25,"duop reath","duop","reath",27,68,20,1214,230,499,0.461,88,245,0.359,142,254,0.559,0.549,69,93,0.742,93,157,250,67,33,38,52,161,617,"POR","c",25007
25,"malcolm brogdon","malcolm","brogdon",31,39,25,1121,218,496,0.44,82,199,0.412,136,297,0.458,0.522,95,116,0.819,28,120,148,214,27,8,60,58,613,"POR","pg",25013
25,"shaedon sharpe","shaedon","sharpe",20,32,25,1059,176,434,0.406,60,180,0.333,116,254,0.457,0.475,98,119,0.824,42,118,160,94,28,12,72,88,510,"POR","sg",25003
25,"dalano banton","dalano","banton",24,30,8,876,183,449,0.408,57,183,0.311,126,266,0.474,0.471,78,100,0.78,29,114,143,108,28,17,67,44,501,"POR","pg",25004
25,"rayan rupert","rayan","rupert",19,39,12,633,54,161,0.335,28,78,0.359,26,83,0.313,0.422,19,25,0.76,24,68,92,62,12,3,31,56,155,"POR","sg",25005
25,"justin minaya","justin","minaya",24,34,1,381,22,74,0.297,12,49,0.245,10,25,0.4,0.378,5,9,0.556,30,26,56,21,9,10,9,35,61,"POR","sf",25017
25,"skylar mays","skylar","mays",26,21,5,356,53,138,0.384,14,49,0.286,39,89,0.438,0.435,13,17,0.765,9,28,37,75,14,3,18,20,133,"POR","sg",14012
25,"ashton hagans","ashton","hagans",24,19,1,316,29,71,0.408,8,25,0.32,21,46,0.457,0.465,14,17,0.824,14,31,45,54,11,9,30,40,80,"POR","pg",25018
25,"ibou badji","ibou","badji",21,22,1,226,14,22,0.636,0,0,0,14,22,0.636,0.636,6,12,0.5,20,31,51,13,3,20,15,46,34,"POR","c",25006
25,"moses brown","moses","brown",24,22,5,200,33,65,0.508,0,0,0,33,65,0.508,0.508,9,31,0.29,37,49,86,7,5,7,11,27,75,"POR","c",25010
25,"robert williams","robert","williams",26,6,0,119,17,26,0.654,0,0,0,17,26,0.654,0.654,7,9,0.778,11,27,38,5,7,7,7,17,41,"POR","c",25016
25,"ish wainright","ish","wainright",29,7,0,46,6,18,0.333,6,16,0.375,0,2,0,0.5,2,2,1,0,9,9,0,2,1,1,4,20,"POR","sf",24018
25,"taze moore","taze","moore",25,4,0,40,8,19,0.421,1,7,0.143,7,12,0.583,0.447,1,2,0.5,4,4,8,5,2,0,3,4,18,"POR","sg",25021
26,"domantas sabonis","domantas","sabonis",27,82,82,2928,634,1068,0.594,33,87,0.379,601,981,0.613,0.609,292,415,0.704,294,826,1120,673,74,48,272,250,1593,"SAC","c",26005
26,"de'aaron fox","de'aaron","fox",26,74,74,2659,720,1549,0.465,214,580,0.369,506,969,0.522,0.534,312,423,0.738,67,273,340,418,150,31,194,193,1966,"SAC","pg",26008
26,"keegan murray","keegan","murray",23,77,77,2588,443,975,0.454,183,511,0.358,260,464,0.56,0.548,103,124,0.831,106,314,420,129,79,59,64,205,1172,"SAC","sf",26007
26,"harrison barnes","harrison","barnes",31,82,82,2381,347,732,0.474,149,385,0.387,198,347,0.571,0.576,157,196,0.801,67,182,249,99,54,12,58,98,1000,"SAC","pf",26006
26,"malik monk","malik","monk",25,72,0,1872,396,893,0.443,148,423,0.35,248,470,0.528,0.526,170,205,0.829,28,184,212,370,45,39,150,156,1110,"SAC","sg",26009
26,"kevin huerter","kevin","huerter",25,64,59,1562,248,560,0.443,123,341,0.361,125,219,0.571,0.553,36,47,0.766,38,186,224,166,45,23,53,135,655,"SAC","sg",26011
26,"trey lyles","trey","lyles",28,58,0,1158,143,321,0.445,84,219,0.384,59,102,0.578,0.576,49,70,0.7,61,196,257,72,17,19,38,86,419,"SAC","pf",26001
26,"davion mitchell","davion","mitchell",25,72,4,1101,146,323,0.452,57,158,0.361,89,165,0.539,0.54,30,42,0.714,19,76,95,134,17,3,43,85,379,"SAC","pg",26010
26,"keon ellis","keon","ellis",24,57,21,978,107,232,0.461,70,168,0.417,37,64,0.578,0.612,26,35,0.743,32,92,124,85,51,29,37,112,310,"SAC","sg",26014
26,"chris duarte","chris","duarte",26,59,11,719,80,210,0.381,44,127,0.346,36,83,0.434,0.486,26,33,0.788,26,80,106,44,28,8,26,80,230,"SAC","sf",26003
26,"sasha vezenkov","sasha","vezenkov",28,42,0,511,84,191,0.44,45,120,0.375,39,71,0.549,0.558,12,15,0.8,30,66,96,19,20,7,12,42,225,"SAC","pf",26002
26,"alex len","alex","len",30,48,0,444,50,81,0.617,0,3,0,50,78,0.641,0.617,20,34,0.588,46,82,128,50,11,33,27,66,120,"SAC","c",26004
26,"javale mcgee","javale","mcgee",36,46,0,339,79,132,0.598,1,7,0.143,78,125,0.624,0.602,26,45,0.578,42,84,126,17,14,20,34,46,185,"SAC","c",26013
26,"kessler edwards","kessler","edwards",23,54,0,275,34,82,0.415,20,52,0.385,14,30,0.467,0.537,5,9,0.556,9,33,42,15,10,4,4,26,93,"SAC","sf",26015
26,"colby jones","colby","jones",21,30,0,192,28,71,0.394,2,22,0.091,26,49,0.531,0.408,6,11,0.545,17,23,40,20,7,5,10,29,64,"SAC","sg",26018
26,"juan toscano-anderson","juan","toscano-anderson",30,11,0,53,3,12,0.25,1,4,0.25,2,8,0.25,0.292,0,0,0,4,10,14,4,1,1,2,11,7,"SAC","sf",26022
26,"jalen slawson","jalen","slawson",24,12,0,37,4,6,0.667,0,2,0,4,4,1,0.667,0,0,0,1,6,7,2,1,1,2,8,8,"SAC","sf",26012
26,"mason jones","mason","jones",25,5,0,28,2,8,0.25,2,7,0.286,0,1,0,0.375,1,2,0.5,1,4,5,5,1,0,2,3,7,"SAC","sg",26017
26,"jordan ford","jordan","ford",25,6,0,22,4,7,0.571,2,3,0.667,2,4,0.5,0.714,2,2,1,0,2,2,2,0,0,1,0,12,"SAC","pg",26016
26,"filip petrušev","filip","petrušev",23,2,0,7,1,2,0.5,0,0,0,1,2,0.5,0.5,1,2,0.5,0,0,0,0,0,0,0,1,3,"SAC","c",26021
27,"devin vassell","devin","vassell",23,68,62,2248,498,1056,0.472,166,446,0.372,332,610,0.544,0.55,161,201,0.801,27,234,261,277,73,23,108,74,1323,"SAS","sg",27009
27,"jeremy sochan","jeremy","sochan",20,74,73,2193,340,776,0.438,70,227,0.308,270,549,0.492,0.483,111,144,0.771,137,339,476,249,62,40,140,168,861,"SAS","pf",27007
27,"tre jones","tre","jones",24,77,48,2138,303,600,0.505,64,191,0.335,239,409,0.584,0.558,101,118,0.856,58,231,289,478,78,9,116,92,771,"SAS","pg",27005
27,"victor wembanyama","victor","wembanyama",20,71,71,2106,551,1186,0.465,128,394,0.325,423,792,0.534,0.519,292,367,0.796,161,594,755,274,88,254,260,153,1522,"SAS","c",27001
27,"keldon johnson","keldon","johnson",24,69,27,2038,391,862,0.454,127,367,0.346,264,495,0.533,0.527,175,221,0.792,95,282,377,195,51,20,100,149,1084,"SAS","sf",27011
27,"malaki branham","malaki","branham",20,75,29,1594,271,628,0.432,93,268,0.347,178,360,0.494,0.506,55,63,0.873,28,120,148,156,27,8,91,94,690,"SAS","pg",27006
27,"zach collins","zach","collins",26,69,29,1526,298,616,0.484,58,181,0.32,240,435,0.552,0.531,122,162,0.753,118,252,370,194,34,52,132,206,776,"SAS","c",27012
27,"julian champagnie","julian","champagnie",22,74,59,1468,164,402,0.408,101,277,0.365,63,125,0.504,0.534,75,92,0.815,42,164,206,103,48,42,57,77,504,"SAS","sf",27008
27,"cedi osman","cedi","osman",28,72,3,1269,184,384,0.479,86,221,0.389,98,163,0.601,0.591,35,52,0.673,25,155,180,119,36,11,47,107,489,"SAS","sf",27003
27,"blake wesley","blake","wesley",20,61,3,876,102,215,0.474,12,55,0.218,90,160,0.563,0.502,52,78,0.667,18,76,94,166,29,9,55,89,268,"SAS","sg",27010
27,"doug mcdermott","doug","mcdermott",32,46,0,700,95,215,0.442,76,173,0.439,19,42,0.452,0.619,10,17,0.588,8,40,48,57,11,2,24,48,276,"SAS","sf",12016
27,"sandro mamukelashvili","sandro","mamukelashvili",24,46,5,451,73,155,0.471,19,64,0.297,54,91,0.593,0.532,25,34,0.735,45,102,147,49,7,12,19,35,190,"SAS","c",27015
27,"dominick barlow","dominick","barlow",20,33,1,420,56,113,0.496,3,9,0.333,53,104,0.51,0.509,29,42,0.69,45,68,113,36,12,14,9,47,144,"SAS","pf",27016
27,"devonte' graham","devonte'","graham",28,23,0,313,38,108,0.352,25,83,0.301,13,25,0.52,0.468,13,16,0.813,5,31,36,49,9,2,17,14,114,"SAS","pg",27013
27,"charles bassey","charles","bassey",23,19,0,205,29,40,0.725,0,1,0,29,39,0.744,0.725,5,6,0.833,23,53,76,21,8,17,15,31,63,"SAS","c",27004
27,"sidy cissoko","sidy","cissoko",19,12,0,141,16,33,0.485,1,12,0.083,15,21,0.714,0.5,12,15,0.8,8,14,22,10,7,3,3,18,45,"SAS","sf",27002
27,"david duke jr.","david","duke",24,4,0,51,10,18,0.556,3,6,0.5,7,12,0.583,0.639,3,3,1,2,8,10,5,2,0,3,4,26,"SAS","sg",27018
27,"raiquan gray","raiquan","gray",24,3,0,39,10,17,0.588,3,7,0.429,7,10,0.7,0.676,0,0,0,2,5,7,6,1,1,1,0,23,"SAS","pf",27017
27,"jamaree bouyea","jamaree","bouyea",24,3,0,38,5,7,0.714,1,1,1,4,6,0.667,0.786,0,0,0,1,8,9,3,1,0,1,7,11,"SAS","pg",27014
27,"mamadi diakite","mamadi","diakite",27,3,0,16,4,5,0.8,0,0,0,4,5,0.8,0.8,4,6,0.667,1,2,3,2,0,1,0,1,12,"SAS","pf",20004
28,"scottie barnes","scottie","barnes",22,60,60,2094,447,942,0.475,101,296,0.341,346,646,0.536,0.528,196,251,0.781,141,353,494,363,75,88,165,118,1191,"TOR","sg",28006
28,"gary trent jr.","gary","trent",25,71,41,1994,361,847,0.426,178,453,0.393,183,394,0.464,0.531,74,96,0.771,25,163,188,119,77,10,47,96,974,"TOR","sg",28005
28,"dennis schröder","dennis","schröder",30,51,33,1559,247,559,0.442,77,220,0.35,170,339,0.501,0.511,127,149,0.852,22,118,140,313,46,8,83,105,698,"TOR","pg",3002
28,"pascal siakam","pascal","siakam",29,39,39,1354,325,623,0.522,46,145,0.317,279,478,0.584,0.559,169,223,0.758,54,192,246,190,32,10,83,87,865,"TOR","pf",12004
28,"jakob poeltl","jakob","poeltl",28,50,50,1319,248,378,0.656,0,0,0,248,378,0.656,0.656,59,107,0.551,146,283,429,127,35,76,77,149,555,"TOR","c",28001
28,"gradey dick","gradey","dick",20,60,17,1268,189,445,0.425,88,241,0.365,101,204,0.495,0.524,44,51,0.863,27,105,132,68,34,2,50,87,510,"TOR","sg",28007
28,"immanuel quickley","immanuel","quickley",24,38,38,1265,236,559,0.422,107,271,0.395,129,288,0.448,0.518,127,151,0.841,12,170,182,257,34,7,70,75,706,"TOR","pg",28011
28,"rj barrett","rj","barrett",23,32,32,1072,272,492,0.553,47,120,0.392,225,372,0.605,0.601,105,167,0.629,34,170,204,130,19,13,79,84,696,"TOR","sg",28002
28,"og anunoby","og","anunoby",26,27,27,900,157,321,0.489,61,163,0.374,96,158,0.608,0.584,33,46,0.717,24,82,106,72,28,13,43,62,408,"TOR","sf",20003
28,"bruce brown","bruce","brown",27,34,11,885,129,268,0.481,20,63,0.317,109,205,0.532,0.519,50,60,0.833,28,102,130,92,24,9,45,67,328,"TOR","pg",28008
28,"chris boucher","chris","boucher",31,50,0,705,110,217,0.507,31,94,0.33,79,123,0.642,0.578,71,92,0.772,62,145,207,23,14,24,28,68,322,"TOR","pf",28004
28,"jalen mcdaniels","jalen","mcdaniels",26,50,1,538,65,189,0.344,12,71,0.169,53,118,0.449,0.376,27,37,0.73,18,61,79,37,19,6,30,52,169,"TOR","sf",28010
28,"jordan nwora","jordan","nwora",25,34,1,529,101,217,0.465,33,95,0.347,68,122,0.557,0.541,35,42,0.833,20,96,116,44,20,12,41,29,270,"TOR","sf",28009
28,"malachi flynn","malachi","flynn",25,31,0,474,56,137,0.409,28,80,0.35,28,57,0.491,0.511,17,22,0.773,13,52,65,73,18,6,33,42,157,"TOR","pg",9010
28,"precious achiuwa","precious","achiuwa",24,25,0,437,78,170,0.459,13,47,0.277,65,123,0.528,0.497,24,42,0.571,50,86,136,44,16,12,29,40,193,"TOR","pf",20005
28,"javon freeman-liberty","javon","freeman-liberty",24,22,6,403,55,124,0.444,10,42,0.238,45,82,0.549,0.484,33,36,0.917,16,54,70,40,10,4,25,28,153,"TOR","pg",28014
28,"jontay porter","jontay","porter",24,26,5,360,40,104,0.385,20,60,0.333,20,44,0.455,0.481,15,18,0.833,26,56,82,60,20,20,21,35,115,"TOR","c",28026
28,"thaddeus young","thaddeus","young",35,23,6,350,54,87,0.621,1,6,0.167,53,81,0.654,0.626,5,12,0.417,29,46,75,50,18,3,11,38,114,"TOR","pf",24014
28,"garrett temple","garrett","temple",37,27,2,289,29,78,0.372,12,40,0.3,17,38,0.447,0.449,18,22,0.818,18,27,45,28,12,3,14,28,88,"TOR","sg",28013
28,"otto porter jr.","otto","porter",30,15,1,174,14,33,0.424,8,23,0.348,6,10,0.6,0.545,3,3,1,6,23,29,8,5,5,2,19,39,"TOR","pf",28027
28,"jahmi'us ramsey","jahmi'us","ramsey",22,7,1,121,18,41,0.439,6,22,0.273,12,19,0.632,0.512,5,6,0.833,4,18,22,8,7,0,7,10,47,"TOR","sg",28023
28,"mouhamadou gueye","mouhamadou","gueye",25,11,0,120,11,38,0.289,0,3,0,11,35,0.314,0.289,4,9,0.444,12,11,23,5,3,18,12,15,26,"TOR","pf",28015
28,"malik williams","malik","williams",25,7,2,107,9,34,0.265,1,5,0.2,8,29,0.276,0.279,0,2,0,15,23,38,2,3,4,3,15,19,"TOR","c",28025
28,"kobi simmons","kobi","simmons",26,4,0,67,9,21,0.429,2,8,0.25,7,13,0.538,0.476,0,0,0,1,6,7,12,6,2,1,5,20,"TOR","pg",28022
28,"d.j. carton","d.j.","carton",23,4,0,36,3,8,0.375,1,4,0.25,2,4,0.5,0.438,4,5,0.8,2,2,4,3,1,0,1,3,11,"TOR","sg",28016
28,"markquis nowell","markquis","nowell",24,1,0,4,0,1,0,0,0,0,0,1,0,0,2,2,1,2,0,2,2,1,0,0,0,2,"TOR","sg",28021
28,"ron harper jr.","ron","harper",23,1,0,4,0,0,0,0,0,0,0,0,0,0,0,0,0,0,0,0,1,0,0,0,2,0,"TOR","pf",28024
29,"collin sexton","collin","sexton",25,78,51,2075,506,1038,0.487,128,325,0.394,378,713,0.53,0.549,318,370,0.859,71,134,205,383,62,18,165,154,1458,"UTA","sg",29004
29,"keyonte george","keyonte","george",20,75,44,2023,319,815,0.391,147,440,0.334,172,375,0.459,0.482,189,223,0.848,15,196,211,332,36,7,188,91,974,"UTA","pg",29005
29,"john collins","john","collins",26,68,66,1901,397,746,0.532,86,232,0.371,311,514,0.605,0.59,147,185,0.795,157,418,575,77,40,61,98,191,1027,"UTA","pf",29006
29,"lauri markkanen","lauri","markkanen",26,55,55,1820,427,890,0.48,175,439,0.399,252,451,0.559,0.578,249,277,0.899,122,327,449,110,50,26,77,100,1278,"UTA","pf",29001
29,"jordan clarkson","jordan","clarkson",31,55,19,1682,337,816,0.413,91,309,0.294,246,507,0.485,0.469,177,201,0.881,49,139,188,277,35,6,146,81,942,"UTA","sg",29010
29,"walker kessler","walker","kessler",22,64,22,1493,229,350,0.654,4,19,0.211,225,331,0.68,0.66,56,93,0.602,165,316,481,60,30,154,66,132,518,"UTA","c",29008
29,"kris dunn","kris","dunn",29,66,32,1249,147,313,0.47,41,111,0.369,106,202,0.525,0.535,22,32,0.688,50,139,189,254,68,28,79,135,357,"UTA","pg",29007
29,"simone fontecchio","simone","fontecchio",28,50,34,1160,161,358,0.45,91,233,0.391,70,125,0.56,0.577,32,40,0.8,52,124,176,73,30,18,51,81,445,"UTA","sf",9002
29,"kelly olynyk","kelly","olynyk",32,50,8,1019,145,258,0.562,36,84,0.429,109,174,0.626,0.632,80,95,0.842,63,191,254,219,37,12,81,132,406,"UTA","c",28003
29,"talen horton-tucker","talen","horton-tucker",23,51,11,1009,184,465,0.396,60,182,0.33,124,283,0.438,0.46,88,109,0.807,21,100,121,177,45,19,65,94,516,"UTA","pg",29011
29,"ochai agbaji","ochai","agbaji",23,51,10,1003,106,249,0.426,47,142,0.331,59,107,0.551,0.52,15,20,0.75,35,91,126,47,27,29,34,66,274,"UTA","sg",28012
29,"taylor hendricks","taylor","hendricks",20,40,23,856,108,240,0.45,53,140,0.379,55,100,0.55,0.56,23,29,0.793,46,139,185,32,28,30,27,77,292,"UTA","pf",29014
29,"brice sensabaugh","brice","sensabaugh",20,32,11,584,85,218,0.39,34,115,0.296,51,103,0.495,0.468,37,41,0.902,16,86,102,55,13,6,47,43,241,"UTA","sf",29015
29,"omer yurtseven","omer","yurtseven",25,48,12,545,99,184,0.538,5,24,0.208,94,160,0.588,0.552,19,28,0.679,72,136,208,29,8,18,37,52,222,"UTA","c",29003
29,"luka šamanić","luka","šamanić",24,43,7,404,60,158,0.38,13,64,0.203,47,94,0.5,0.421,44,56,0.786,22,80,102,19,5,7,28,32,177,"UTA","pf",29002
29,"johnny juzang","johnny","juzang",22,20,5,372,51,110,0.464,32,77,0.416,19,33,0.576,0.609,10,14,0.714,7,29,36,23,4,2,13,29,144,"UTA","sg",29012
29,"micah potter","micah","potter",25,16,0,186,19,40,0.475,9,21,0.429,10,19,0.526,0.588,6,8,0.75,10,33,43,6,4,6,5,14,53,"UTA","pf",29009
29,"darius bazley","darius","bazley",23,6,0,142,18,29,0.621,2,8,0.25,16,21,0.762,0.655,10,12,0.833,8,19,27,5,6,7,7,3,48,"UTA","pf",29016
29,"kira lewis jr.","kira","lewis",22,12,0,119,18,40,0.45,2,13,0.154,16,27,0.593,0.475,7,9,0.778,5,7,12,19,4,1,6,4,45,"UTA","pg",29017
29,"kenneth lofton jr.","kenneth","lofton",21,4,0,91,21,35,0.6,4,12,0.333,17,23,0.739,0.657,9,11,0.818,10,10,20,19,3,2,6,9,55,"UTA","pf",29013
29,"jason preston","jason","preston",24,7,0,71,6,19,0.316,0,3,0,6,16,0.375,0.316,0,0,0,6,11,17,16,2,1,2,3,12,"UTA","pg",29018
30,"jordan poole","jordan","poole",24,78,66,2346,490,1186,0.413,184,564,0.326,306,622,0.492,0.491,192,219,0.877,32,180,212,343,86,25,188,244,1356,"WAS","sg",30006
30,"kyle kuzma","kyle","kuzma",28,70,70,2281,608,1313,0.463,151,450,0.336,457,863,0.53,0.521,186,240,0.775,62,402,464,296,37,49,192,153,1553,"WAS","pf",30008
30,"deni avdija","deni","avdija",23,75,75,2257,406,803,0.506,88,235,0.374,318,568,0.56,0.56,202,273,0.74,84,456,540,286,60,36,160,185,1102,"WAS","sf",30002
30,"corey kispert","corey","kispert",24,80,22,2067,386,794,0.486,184,480,0.383,202,314,0.643,0.602,114,157,0.726,30,195,225,156,41,16,98,141,1070,"WAS","sf",30005
30,"tyus jones","tyus","jones",27,66,66,1933,326,666,0.489,106,256,0.414,220,410,0.537,0.569,32,40,0.8,20,159,179,485,71,18,66,48,790,"WAS","pg",30009
30,"bilal coulibaly","bilal","coulibaly",19,63,15,1715,188,432,0.435,64,185,0.346,124,247,0.502,0.509,92,131,0.702,56,200,256,110,57,48,87,137,532,"WAS","sf",30001
30,"daniel gafford","daniel","gafford",25,45,45,1192,203,294,0.69,0,0,0,203,294,0.69,0.69,84,119,0.706,131,230,361,69,44,97,46,147,490,"WAS","pf",7014
30,"landry shamet","landry","shamet",26,46,5,726,118,274,0.431,53,157,0.338,65,117,0.556,0.527,38,46,0.826,16,46,62,54,25,10,30,76,327,"WAS","sg",30013
30,"johnny davis","johnny","davis",21,50,6,613,62,154,0.403,14,40,0.35,48,114,0.421,0.448,14,24,0.583,18,54,72,32,18,10,13,57,152,"WAS","sg",30012
30,"marvin bagley iii","marvin","bagley",24,24,15,575,132,227,0.581,8,17,0.471,124,210,0.59,0.599,46,65,0.708,84,110,194,28,15,19,30,41,318,"WAS","c",30016
30,"jared butler","jared","butler",23,40,0,566,98,201,0.488,24,78,0.308,74,123,0.602,0.547,31,36,0.861,9,49,58,126,29,8,50,58,251,"WAS","sg",30011
30,"patrick baldwin jr.","patrick","baldwin",21,38,7,493,59,155,0.381,31,97,0.32,28,58,0.483,0.481,19,28,0.679,17,106,123,29,18,15,19,56,168,"WAS","sf",30015
30,"anthony gill","anthony","gill",31,50,3,466,75,160,0.469,10,41,0.244,65,119,0.546,0.5,29,36,0.806,37,57,94,34,13,11,23,48,189,"WAS","pf",30007
30,"delon wright","delon","wright",31,33,0,456,48,122,0.393,14,38,0.368,34,84,0.405,0.451,24,29,0.828,13,46,59,82,35,8,11,22,134,"WAS","pg",16014
30,"eugene omoruyi","eugene","omoruyi",26,43,0,393,81,167,0.485,13,46,0.283,68,121,0.562,0.524,32,49,0.653,35,50,85,35,27,5,21,62,207,"WAS","sf",30004
30,"danilo gallinari","danilo","gallinari",35,26,0,385,57,131,0.435,20,64,0.313,37,67,0.552,0.511,47,56,0.839,12,64,76,31,6,3,12,26,181,"WAS","sf",17003
30,"mike muscala","mike","muscala",32,24,2,338,33,90,0.367,14,51,0.275,19,39,0.487,0.444,15,20,0.75,22,53,75,22,5,7,16,31,95,"WAS","c",21016
30,"richaun holmes","richaun","holmes",30,17,8,318,49,88,0.557,1,3,0.333,48,85,0.565,0.563,22,26,0.846,38,66,104,10,8,10,12,41,121,"WAS","pf",30014
30,"justin champagnie","justin","champagnie",22,15,1,235,32,78,0.41,13,45,0.289,19,33,0.576,0.494,12,15,0.8,19,34,53,19,10,9,10,14,89,"WAS","sf",30017
30,"tristan vukcevic","tristan","vukcevic",20,10,4,153,29,67,0.433,10,36,0.278,19,31,0.613,0.507,17,22,0.773,6,30,36,13,5,7,10,28,85,"WAS","c",30003
30,"jules bernard","jules","bernard",24,19,0,149,29,64,0.453,11,29,0.379,18,35,0.514,0.539,5,9,0.556,10,16,26,16,3,1,8,14,74,"WAS","sg",30010
30,"ryan rollins","ryan","rollins",21,10,0,66,13,25,0.52,2,3,0.667,11,22,0.5,0.56,13,17,0.765,2,9,11,11,8,3,7,7,41,"WAS","pg",17016
30,"hamidou diallo","hamidou","diallo",25,2,0,5,1,2,0.5,0,0,0,1,2,0.5,0.5,0,0,0,2,0,2,1,2,0,1,1,2,"WAS","sg",30021
30,"trey jemison","trey","jemison",24,2,0,1,0,0,0,0,0,0,0,0,0,0,0,0,0,0,1,1,0,0,0,1,0,0,"WAS","c",15014
